#{"t_start": 1756313696.299205, "env_id": "ALE/MarioBros-v5"}
r,l,t
17600.0,1875,7.68905
9600.0,1515,12.561874
17600.0,2318,18.880366
10400.0,1175,21.898598
11200.0,1569,26.152212
12000.0,1531,147.280039
7200.0,1055,151.003714
10400.0,1521,156.620998
4000.0,1525,160.904743
7200.0,1528,166.19544
7200.0,1223,170.654228
8800.0,1575,298.979085
17600.0,1802,303.738865
3200.0,856,305.992228
17600.0,1733,310.524492
7200.0,1706,315.693677
5600.0,1163,318.925879
10400.0,1801,451.908331
17600.0,2075,460.577912
7200.0,1857,465.762892
17600.0,2065,473.772916
10400.0,1509,587.219285
5600.0,1455,591.134307
12000.0,1621,595.78317
16800.0,1780,600.502613
17600.0,1983,606.054699
12000.0,1444,720.290213
17600.0,2163,728.864362
5600.0,1010,733.645741
17600.0,2274,740.083167
4000.0,1533,744.149936
16800.0,2418,868.30182
17600.0,2504,875.337814
5600.0,1715,880.524729
15200.0,2206,887.242572
18400.0,2148,1019.320961
17600.0,2032,1027.68214
16000.0,1848,1033.423559
6400.0,1414,1037.23661
17600.0,2601,1152.758173
17600.0,1913,1159.555078
8800.0,1470,1164.636678
8800.0,1364,1169.269713
5600.0,1663,1174.87263
16800.0,1877,1317.479505
17600.0,1879,1323.037426
12000.0,1565,1327.310489
7200.0,969,1329.986652
8800.0,1530,1337.257237
11200.0,1347,1343.579827
7200.0,1084,1468.405005
17600.0,2118,1474.49595
10400.0,1203,1478.026507
17600.0,1996,1484.234841
9600.0,1344,1488.421639
4800.0,1322,1492.79004
7200.0,1257,1611.999733
6400.0,1153,1615.441675
8800.0,1170,1618.775723
4800.0,1158,1622.222015
9600.0,1650,1626.953646
5600.0,987,1629.798309
16000.0,1996,1750.456161
11200.0,1448,1754.501741
16800.0,2124,1760.556241
16800.0,1914,1765.721371
16800.0,1871,1770.727828
7200.0,1282,1891.175409
11200.0,1369,1896.368131
9600.0,1208,1902.954978
11200.0,1674,1909.466411
18400.0,1975,1916.983026
4000.0,1066,1921.09254
7200.0,1504,2036.830261
16800.0,2089,2042.705259
5600.0,1202,2045.859065
9600.0,1372,2049.680699
6400.0,1642,2054.25964
16800.0,2529,2185.739765
17600.0,1716,2191.284146
8000.0,1419,2195.438624
17600.0,2423,2202.629668
12000.0,1831,2208.105524
11200.0,1349,2325.608258
8000.0,1442,2329.456694
16800.0,1794,2335.020176
9600.0,1288,2338.409707
16000.0,1993,2343.748713
11200.0,1583,2460.357819
6400.0,1491,2464.542944
7200.0,917,2467.238584
8000.0,1086,2470.493277
5600.0,1058,2473.264771
12000.0,1213,2477.080353
8800.0,1097,2480.42518
16800.0,2030,2607.403667
17600.0,1709,2612.100061
12000.0,1374,2615.964993
5600.0,1226,2619.766337
17600.0,1639,2625.826682
12000.0,1664,2740.976345
8800.0,1420,2745.168229
18400.0,1876,2750.63457
7200.0,1201,2754.031662
16000.0,2015,2760.29738
11200.0,1590,2764.825325
14400.0,2340,2889.8057
12000.0,1495,2894.070754
12000.0,2092,2900.090961
17600.0,1624,2904.592878
11200.0,1410,3018.202156
8800.0,984,3021.488868
12800.0,1363,3025.859298
9600.0,1671,3031.577412
5600.0,1171,3035.00789
19200.0,2356,3042.934726
12000.0,1466,3174.782596
4800.0,1103,3178.864973
12000.0,1420,3183.191684
8800.0,1273,3186.86888
4000.0,1292,3190.40523
4000.0,1129,3193.578916
6400.0,1022,3196.423674
18400.0,2023,3315.237853
12000.0,1784,3319.747365
12000.0,2228,3325.487149
7200.0,1277,3328.713746
4800.0,1135,3331.526091
7200.0,1134,3437.639095
8000.0,1603,3441.759288
11200.0,1565,3445.719728
12000.0,1138,3448.82176
16000.0,1790,3453.844647
17600.0,2150,3460.666225
17600.0,1991,3597.70425
6400.0,1549,3601.815063
10400.0,1426,3605.460109
3200.0,914,3607.809029
6400.0,1354,3611.569167
10400.0,1165,3614.646379
16800.0,1910,3731.558523
14400.0,1895,3736.995544
3200.0,916,3739.4966
18400.0,2094,3745.475419
3200.0,769,3747.532386
5600.0,1192,3750.842017
16800.0,2175,3865.282416
15200.0,1988,3870.440835
4000.0,1056,3873.049668
11200.0,1846,3877.736238
17600.0,1981,3981.46268
17600.0,2551,3988.065729
17600.0,2217,3993.764596
3200.0,840,3995.780359
12000.0,1686,4000.285026
11200.0,1516,4126.435825
12000.0,1492,4131.265845
5600.0,1190,4135.400929
17600.0,1598,4140.883723
8000.0,1849,4146.972862
4000.0,1105,4150.632534
16000.0,1793,4260.607072
8000.0,982,4264.158816
7200.0,1654,4270.283573
17600.0,2579,4277.715138
6400.0,1658,4282.0109
7200.0,1494,4409.011016
6400.0,2236,4414.946916
18400.0,1780,4419.459669
8800.0,1486,4423.511583
17600.0,1741,4428.186111
12000.0,1650,4535.4141
11200.0,1455,4539.694606
18400.0,2054,4545.518057
7200.0,1032,4548.358589
11200.0,1372,4552.050522
12000.0,1352,4555.856586
5600.0,845,4676.821797
5600.0,1107,4679.787416
16800.0,2017,4685.445113
8000.0,978,4687.961692
17600.0,2114,4693.489108
17600.0,2156,4834.767344
17600.0,2284,4842.211704
7200.0,1179,4846.135966
4000.0,1163,4849.211258
9600.0,1869,4855.399472
8000.0,1484,4860.847437
7200.0,1319,4991.881977
17600.0,2181,5002.358004
4000.0,1279,5007.96892
7200.0,1608,5014.35631
17600.0,1811,5021.350072
8800.0,1486,5163.496551
8000.0,1739,5168.730102
3200.0,1246,5172.093374
17600.0,2137,5178.377753
17600.0,1707,5183.134624
5600.0,1480,5296.486195
11200.0,1278,5300.136484
4000.0,1112,5303.169544
4800.0,944,5305.496117
8800.0,1041,5308.116406
17600.0,1974,5313.155615
4000.0,840,5315.25391
16000.0,2155,5434.134632
17600.0,2373,5440.464232
8000.0,1842,5445.616192
17600.0,1624,5449.872479
11200.0,1886,5559.590961
7200.0,917,5562.141228
8000.0,1624,5567.701372
5600.0,1519,5571.888049
10400.0,1577,5576.256024
6400.0,1513,5580.646471
12000.0,1943,5698.034893
17600.0,1694,5702.583066
7200.0,1407,5706.301732
17600.0,2213,5712.317032
4800.0,1252,5715.59418
7200.0,1358,5828.338088
17600.0,1989,5836.659336
10400.0,1943,5842.923236
17600.0,1662,5848.050457
3200.0,1251,5851.481616
11200.0,1494,5981.851052
16800.0,1981,5987.612578
4800.0,1481,5991.939831
11200.0,1627,5996.902415
17600.0,2217,6006.006263
9600.0,1487,6127.351679
17600.0,1799,6132.3589
5600.0,1428,6136.222234
17600.0,2012,6141.683017
8000.0,1272,6145.716882
10400.0,1794,6260.276311
12000.0,1834,6270.588166
4000.0,1217,6277.769692
5600.0,1020,6282.886102
17600.0,1876,6289.78234
15200.0,1826,6297.731759
8800.0,986,6464.460863
11200.0,1425,6469.128912
10400.0,1774,6475.198689
12000.0,1496,6480.597324
17600.0,2256,6490.507566
9600.0,1711,6620.473858
16000.0,2225,6626.502748
11200.0,1303,6630.160952
8800.0,1352,6633.975259
12000.0,2014,6639.95172
12000.0,1234,6761.998781
16000.0,2179,6768.211485
16800.0,1794,6773.369962
4000.0,1161,6776.517052
6400.0,1278,6780.032155
16800.0,2460,6905.462786
11200.0,1663,6911.147561
3200.0,1104,6914.970841
10400.0,1560,6920.468324
5600.0,1002,6923.970479
11200.0,1633,6929.950981
17600.0,1848,7064.326544
12000.0,1649,7069.231024
7200.0,1141,7072.400472
4800.0,1138,7075.829456
11200.0,1198,7079.34737
8800.0,1722,7084.561929
17600.0,1576,7195.83044
5600.0,1226,7199.157945
12000.0,1565,7203.579801
5600.0,930,7206.289346
17600.0,2309,7213.19215
6400.0,1128,7216.503385
4000.0,1114,7328.980742
5600.0,1665,7333.451695
11200.0,1718,7339.139275
16800.0,1859,7344.389983
11200.0,1262,7347.630628
4000.0,1997,7465.688906
17600.0,2118,7471.201326
17600.0,2013,7477.24569
17600.0,2070,7483.155389
7200.0,1066,7486.067751
17600.0,2136,7605.031559
16000.0,1808,7610.235452
17600.0,2273,7616.666789
5600.0,840,7618.986715
7200.0,1270,7622.783985
5600.0,910,7625.258502
8800.0,1218,7738.082274
8800.0,1311,7743.274146
8000.0,1016,7747.024236
5600.0,1355,7752.042966
11200.0,2084,7759.829117
10400.0,1836,7766.696795
10400.0,1252,7906.245085
16800.0,1859,7912.157783
16800.0,1816,7920.488315
8800.0,1237,7925.477711
17600.0,2230,7932.233887
10400.0,1270,8040.864413
11200.0,1415,8044.526089
17600.0,1972,8049.528094
8800.0,1406,8053.074428
4000.0,1441,8056.663737
4000.0,1411,8060.372724
17600.0,1688,8163.773532
11200.0,1407,8167.342525
8800.0,1807,8171.889146
4000.0,1663,8176.203547
16800.0,1896,8181.078529
4800.0,842,8282.029811
5600.0,848,8284.275267
17600.0,1810,8289.632119
16800.0,2149,8299.034237
19200.0,2044,8305.677284
10400.0,1571,8435.911136
8800.0,984,8438.589474
17600.0,1632,8442.999906
17600.0,1839,8447.997731
3200.0,889,8450.315382
2400.0,1548,8454.48815
9600.0,1532,8579.693016
17600.0,1713,8584.91498
4000.0,1151,8588.842542
10400.0,1459,8593.792403
17600.0,1557,8598.546502
10400.0,1224,8602.159756
17600.0,1849,8719.997384
4000.0,1240,8723.464143
12800.0,1649,8728.513305
8800.0,1153,8731.889802
4000.0,1157,8735.563814
8800.0,1398,8739.608196
7200.0,1290,8861.981628
4000.0,907,8864.773891
16000.0,2198,8871.507577
17600.0,1896,8876.472646
16000.0,1855,8881.69632
3200.0,1203,8885.013926
17600.0,2022,9010.352887
3200.0,1098,9013.228806
12000.0,1244,9016.870845
5600.0,1415,9020.911971
3200.0,921,9023.25671
7200.0,1457,9027.84458
10400.0,1509,9145.236971
10400.0,1141,9148.936709
10400.0,2098,9154.638305
9600.0,1368,9158.466498
16000.0,1808,9163.208835
17600.0,1946,9278.103588
10400.0,1513,9282.048029
5600.0,1452,9285.708834
11200.0,1450,9289.698832
9600.0,1351,9293.668627
17600.0,1597,9298.299508
5600.0,1084,9412.149743
7200.0,1347,9415.901422
17600.0,1743,9421.309791
17600.0,2164,9428.569424
18400.0,2066,9434.860623
17600.0,1971,9551.444882
5600.0,924,9553.936749
4000.0,1018,9556.747568
19200.0,2028,9563.276763
4000.0,945,9566.48327
3200.0,1849,9571.888944
7200.0,1277,9690.056403
12000.0,1854,9695.98249
5600.0,1599,9701.771235
12800.0,1274,9707.877902
6400.0,1773,9714.065135
9600.0,1390,9718.560138
17600.0,2066,9845.196732
18400.0,2318,9852.557592
16800.0,2052,9858.510438
4000.0,1294,9862.418743
15200.0,1810,9983.322674
16000.0,2343,9990.04059
4800.0,1158,9993.496683
11200.0,2058,9999.509653
8800.0,1243,10002.814205
3200.0,1140,10124.863405
17600.0,2233,10131.47514
16000.0,1906,10137.750147
4000.0,992,10141.535345
19200.0,1970,10148.669558
7200.0,1229,10152.933569
17600.0,2042,10301.726188
7200.0,1498,10305.776203
6400.0,1445,10309.637477
4000.0,854,10311.831958
11200.0,1562,10316.774728
8000.0,1135,10320.437712
7200.0,1353,10435.910009
17600.0,1710,10440.513544
3200.0,1170,10443.461008
4800.0,1632,10447.745842
10400.0,1141,10450.651908
7200.0,1133,10453.552648
12000.0,1642,10554.323759
7200.0,1256,10557.526676
4000.0,945,10559.924911
9600.0,1520,10563.859399
10400.0,1834,10568.674102
16800.0,1815,10573.352119
12000.0,1501,10675.615704
10400.0,1656,10679.990451
8800.0,1461,10683.77746
17600.0,1944,10688.835306
2400.0,912,10691.118719
12000.0,1707,10795.743216
17600.0,1831,10800.517914
9600.0,1279,10803.771654
8800.0,1148,10806.70905
5600.0,1080,10809.438283
4000.0,1475,10813.246855
16800.0,1667,10914.681889
5600.0,1615,10918.915432
10400.0,1764,10923.464375
17600.0,1770,10928.098834
10400.0,1525,10932.045474
7200.0,1438,10935.754687
17600.0,1986,11041.142893
17600.0,1961,11046.257539
5600.0,1364,11049.790704
4000.0,1722,11054.385036
9600.0,1291,11057.718335
17600.0,1758,11162.449857
12000.0,1647,11166.716252
8800.0,1424,11170.400075
17600.0,1855,11175.250644
8000.0,1388,11178.850396
16800.0,2384,11281.225605
8800.0,1147,11284.158152
4000.0,841,11286.310999
11200.0,1472,11290.106394
5600.0,1127,11292.96432
8000.0,1142,11295.874305
16800.0,1949,11399.539287
4000.0,1019,11402.094419
7200.0,1181,11405.084152
6400.0,1519,11409.008923
16000.0,2289,11414.99523
4000.0,1129,11417.887964
4800.0,1661,11521.339051
18400.0,1597,11525.499991
4000.0,1406,11529.177384
7200.0,964,11531.613611
17600.0,2002,11536.84621
4000.0,1216,11539.997932
4000.0,866,11639.50671
8800.0,1271,11642.843872
17600.0,2137,11648.320638
17600.0,1816,11652.972762
17600.0,1820,11657.724122
2400.0,688,11659.343663
16800.0,2235,11763.48049
17600.0,1982,11768.463456
5600.0,1117,11771.240806
16800.0,1763,11775.791383
10400.0,1447,11779.488655
11200.0,1448,11878.894992
17600.0,2462,11885.485597
16800.0,2306,11891.371207
4000.0,1235,11894.464435
17600.0,1721,11898.799694
4000.0,1138,11999.612252
12000.0,1371,12003.054663
12000.0,1442,12006.703283
8800.0,975,12009.102694
11200.0,1645,12013.245514
10400.0,1363,12016.930622
4000.0,1133,12117.125523
3200.0,879,12119.214136
8800.0,1648,12123.393693
17600.0,1901,12128.289976
11200.0,1215,12131.317393
10400.0,1244,12134.433306
9600.0,1431,12138.185109
5600.0,824,12239.083456
8800.0,1460,12242.816684
12000.0,1489,12246.718539
4800.0,1007,12249.321854
18400.0,2062,12254.687729
16800.0,1794,12259.373591
17600.0,2103,12363.77238
12000.0,1450,12367.508762
10400.0,1217,12370.661666
12000.0,1862,12375.516483
12000.0,1779,12380.096373
6400.0,1416,12482.412102
1600.0,1253,12485.573698
11200.0,1136,12488.460951
6400.0,1157,12491.418039
7200.0,1784,12496.130064
4800.0,1431,12499.848257
5600.0,1360,12601.459091
17600.0,2959,12609.237805
8800.0,1003,12611.732885
5600.0,1269,12614.965349
7200.0,1573,12619.032527
7200.0,1210,12718.17266
10400.0,1729,12722.650482
19200.0,2016,12727.940002
4800.0,1665,12732.30181
17600.0,2072,12740.644419
7200.0,1033,12844.189302
17600.0,2101,12849.651348
16800.0,1840,12854.404311
12000.0,1561,12858.44395
17600.0,1672,12862.804234
17600.0,1626,12965.510563
12000.0,1599,12969.593545
6400.0,1370,12973.171863
17600.0,1979,12978.342917
7200.0,1564,12982.467681
17600.0,2032,13083.736345
3200.0,971,13086.214845
2400.0,838,13088.358362
4800.0,1476,13092.15191
5600.0,988,13094.65041
7200.0,974,13097.161695
4800.0,1631,13101.462129
16800.0,1904,13206.684233
12000.0,2039,13212.007905
12000.0,2123,13217.592639
5600.0,991,13220.089448
6400.0,1095,13222.902486
16800.0,2240,13328.507384
4800.0,1351,13331.981069
17600.0,1765,13336.601522
14400.0,1743,13341.119481
10400.0,2139,13346.788366
10400.0,1978,13447.937791
10400.0,1452,13451.651823
8800.0,1374,13455.074588
18400.0,2006,13460.204736
17600.0,2120,13465.624782
16800.0,2009,13567.234293
4000.0,1068,13569.878229
12000.0,1271,13573.074496
16800.0,2266,13578.957538
10400.0,1285,13582.170429
12000.0,1534,13682.401309
4000.0,1401,13685.984788
3200.0,686,13687.648818
16800.0,2001,13692.743342
8000.0,977,13695.150777
3200.0,1224,13698.244434
5600.0,1106,13701.019694
12000.0,1343,13798.811159
16800.0,1924,13803.652501
17600.0,1946,13808.650006
12000.0,1387,13812.356875
17600.0,1871,13817.12015
11200.0,1453,13922.023373
10400.0,1271,13925.229426
10400.0,1501,13928.997652
17600.0,2307,13935.591005
5600.0,1259,13938.78518
3200.0,900,13941.033122
15200.0,1981,14044.312118
17600.0,2035,14049.542287
9600.0,1664,14053.729884
4000.0,1381,14057.18888
6400.0,1240,14060.334811
8800.0,1222,14063.430653
16800.0,1756,14162.654509
11200.0,1466,14166.370842
10400.0,1766,14170.853434
6400.0,1450,14174.463001
11200.0,1736,14178.869386
3200.0,834,14296.911472
4000.0,1253,14300.484307
17600.0,1766,14305.766998
17600.0,1875,14310.853124
16000.0,2308,14316.969168
4800.0,1114,14320.435148
4800.0,1077,14432.186717
17600.0,1717,14436.594159
5600.0,949,14438.95292
8000.0,1964,14444.116786
5600.0,1094,14446.875976
12000.0,1500,14450.759743
8800.0,1545,14551.925595
10400.0,1446,14555.608003
17600.0,1724,14560.187566
5600.0,911,14562.473535
17600.0,1809,14567.120059
17600.0,1877,14671.505849
19200.0,2020,14676.736041
16000.0,2042,14682.278002
10400.0,1216,14685.437866
9600.0,1223,14688.69844
11200.0,1391,14692.539841
4000.0,1069,14802.659476
5600.0,1419,14809.704203
9600.0,1560,14816.835971
16000.0,1992,14823.903119
17600.0,1990,14830.319612
8800.0,1072,14940.222215
11200.0,1716,14947.107078
16000.0,1955,14952.898056
12000.0,1957,14958.285942
17600.0,1739,14963.741638
16800.0,1750,15077.101103
17600.0,1680,15081.382517
4000.0,1084,15084.160981
8800.0,1530,15088.120358
16000.0,2720,15095.223554
11200.0,1710,15231.296772
11200.0,1522,15236.848357
7200.0,1080,15240.42845
17600.0,1988,15246.47322
8000.0,924,15249.805585
16000.0,1489,15253.993102
8800.0,1169,15381.319514
7200.0,1135,15384.188153
17600.0,1761,15388.758669
17600.0,1937,15393.658486
3200.0,748,15395.473736
16800.0,1921,15400.449371
4800.0,1070,15502.008389
8800.0,1248,15505.129303
16000.0,2199,15510.826041
5600.0,1031,15513.414948
16000.0,1912,15518.333182
4000.0,1037,15520.846526
3200.0,1256,15629.895536
17600.0,1986,15635.02995
17600.0,2077,15640.332675
8000.0,1023,15642.863321
12000.0,1512,15646.720419
11200.0,1538,15745.902606
4000.0,1070,15748.55207
17600.0,1718,15752.929901
9600.0,1191,15755.934296
16800.0,1906,15760.781632
17600.0,1761,15765.281363
8000.0,1498,15865.132602
8800.0,1346,15868.656778
15200.0,1735,15873.052586
11200.0,1599,15877.090673
9600.0,1671,15881.348675
12000.0,1653,15981.959027
12000.0,1428,15985.636741
6400.0,981,15988.033457
11200.0,1208,15991.063854
16800.0,2424,15997.264572
5600.0,1187,16000.206645
8800.0,1085,16002.838094
11200.0,2196,16102.467989
3200.0,1204,16105.42919
8800.0,1176,16108.388054
16000.0,1831,16113.052537
17600.0,1893,16117.868247
16800.0,1911,16219.224368
8800.0,1451,16222.850205
14400.0,1852,16227.535165
17600.0,1828,16232.230013
10400.0,1212,16235.260785
12000.0,1672,16336.63522
17600.0,2280,16342.457613
16000.0,1815,16347.063649
12000.0,1272,16350.23808
12000.0,1895,16355.060228
16800.0,1834,16454.493915
4000.0,706,16456.223026
4000.0,928,16458.515805
5600.0,1085,16461.242226
8000.0,1243,16464.345203
17600.0,1818,16468.895596
9600.0,1557,16570.29964
7200.0,1001,16572.755836
17600.0,2231,16578.546102
9600.0,1436,16582.204696
7200.0,1174,16585.165604
12000.0,1371,16588.54638
12000.0,1281,16689.265673
2400.0,916,16691.549103
9600.0,1530,16695.437936
16800.0,2271,16701.265815
11200.0,1720,16705.61531
12000.0,1890,16710.401176
10400.0,1586,16810.211106
7200.0,1349,16813.558289
8000.0,1253,16816.69705
10400.0,1426,16820.400271
9600.0,1283,16823.594041
8800.0,1142,16826.492539
17600.0,1790,16927.196123
9600.0,1152,16930.078133
9600.0,1425,16933.59603
11200.0,1200,16936.583284
3200.0,1027,16939.12914
16800.0,1987,16944.240256
16800.0,1957,17045.345274
9600.0,1309,17048.579496
17600.0,1714,17052.957873
8800.0,1320,17056.299973
9600.0,981,17058.772302
16000.0,1743,17063.252273
3200.0,972,17159.968068
6400.0,1487,17163.767678
11200.0,1571,17167.72448
16800.0,1878,17172.523713
6400.0,1274,17175.731312
7200.0,1137,17178.615001
17600.0,1977,17279.906858
8800.0,1288,17283.110739
4000.0,901,17285.387245
4800.0,1333,17288.741526
8800.0,1510,17292.568975
5600.0,982,17295.008709
16800.0,1827,17402.896877
9600.0,1348,17406.478602
17600.0,1931,17411.366863
17600.0,1974,17416.369911
7200.0,989,17418.81189
16800.0,1835,17517.55146
9600.0,980,17519.976155
12000.0,1883,17524.767552
3200.0,1647,17528.915564
11200.0,1864,17533.612936
18400.0,1724,17538.08655
17600.0,1702,17637.896231
16800.0,2386,17643.948571
7200.0,1382,17647.463747
8800.0,1442,17651.095978
3200.0,840,17653.145003
16000.0,1558,17752.59848
16800.0,2219,17758.244616
16800.0,2264,17763.993671
4000.0,977,17766.415321
17600.0,2204,17772.072825
6400.0,983,17868.283859
17600.0,1934,17872.869408
17600.0,1568,17876.825933
17600.0,1925,17881.749503
17600.0,2199,17887.397345
8800.0,1451,17986.463577
11200.0,1548,17990.40545
17600.0,2354,17996.39514
6400.0,1395,17999.925309
1600.0,414,18000.867067
17600.0,1689,18005.142389
3200.0,1170,18103.663869
8800.0,1113,18106.490125
5600.0,1050,18109.085154
17600.0,2266,18114.852455
17600.0,1928,18119.91137
16800.0,1533,18217.570095
8800.0,986,18219.984663
17600.0,2030,18225.170122
12000.0,1281,18228.337596
10400.0,1075,18230.976255
16000.0,1706,18235.35409
10400.0,1420,18334.732139
8000.0,1016,18337.257331
17600.0,1928,18342.15805
17600.0,1860,18346.871394
18400.0,2195,18352.506322
5600.0,836,18354.539654
16800.0,1842,18455.180278
17600.0,1893,18459.950634
5600.0,1535,18463.841818
7200.0,1114,18466.643894
5600.0,899,18468.81894
5600.0,1285,18471.98567
5600.0,837,18567.990158
16800.0,1912,18572.824378
7200.0,1425,18576.43914
10400.0,1060,18579.10366
2400.0,1064,18581.696226
16800.0,2281,18587.587572
17600.0,1647,18687.522515
16000.0,1826,18692.117752
3200.0,1116,18694.892092
8800.0,1221,18697.897491
12000.0,1623,18702.176303
5600.0,1049,18704.789226
7200.0,1495,18804.762379
10400.0,1123,18807.59545
17600.0,2001,18812.683901
17600.0,1870,18817.430334
17600.0,1910,18822.230671
19200.0,2041,18921.488611
4800.0,1212,18924.551113
5600.0,1790,18929.105145
5600.0,1667,18933.352218
17600.0,1845,18938.054724
17600.0,1916,19038.897852
7200.0,1494,19042.645737
8000.0,1407,19046.182527
17600.0,2093,19051.54882
11200.0,1431,19055.237614
5600.0,840,19057.237266
1600.0,832,19155.4662
3200.0,1140,19158.33041
7200.0,1143,19161.2178
16800.0,2403,19167.387837
17600.0,2053,19172.611777
12000.0,1103,19175.333521
11200.0,1748,19274.891432
17600.0,2113,19280.263905
5600.0,982,19282.805741
11200.0,1648,19286.943995
10400.0,1122,19289.753392
17600.0,1576,19389.180193
17600.0,2141,19394.611545
18400.0,1995,19399.727363
11200.0,1953,19404.715074
17600.0,1732,19409.077941
4000.0,1249,19507.873696
7200.0,1379,19511.335548
8800.0,1591,19515.354805
4800.0,1126,19518.187998
11200.0,1269,19521.321707
7200.0,1305,19524.562025
8800.0,1431,19621.880211
8800.0,1216,19624.929108
10400.0,1199,19627.902936
3200.0,1282,19631.099334
3200.0,945,19633.453137
11200.0,1621,19637.579002
17600.0,2058,19738.27924
17600.0,2241,19744.059372
17600.0,1769,19748.549464
7200.0,1169,19751.435458
17600.0,1842,19756.148479
12000.0,1661,19856.13571
4000.0,1128,19858.912616
8800.0,1320,19862.252476
7200.0,1135,19865.16627
17600.0,2277,19870.954402
12000.0,1799,19875.608682
17600.0,2096,19974.84884
16800.0,2010,19979.961542
16800.0,1847,19984.645746
9600.0,1449,19988.289609
17600.0,1991,20088.897422
4000.0,1181,20091.789755
4000.0,906,20093.994309
9600.0,1135,20096.818879
8800.0,1204,20099.78675
17600.0,2221,20105.640029
17600.0,2403,20207.855564
8000.0,1174,20210.718556
7200.0,1105,20213.488915
8800.0,1506,20217.318887
8000.0,979,20219.721172
17600.0,2047,20224.939042
11200.0,1302,20322.127976
16800.0,2233,20327.863118
15200.0,2191,20333.402359
8800.0,1873,20338.130597
5600.0,1438,20341.758632
17600.0,2004,20442.88994
4000.0,833,20444.9046
11200.0,1626,20449.207771
12000.0,1811,20453.792576
16800.0,2317,20459.71186
17600.0,2165,20561.170687
12000.0,1862,20565.905769
17600.0,1868,20570.665756
11200.0,1925,20575.505813
8000.0,1215,20578.493929
12000.0,1672,20676.513262
17600.0,2098,20681.865615
6400.0,1013,20684.414189
7200.0,1669,20688.583275
8800.0,1618,20692.702056
4800.0,1391,20791.934021
6400.0,1067,20794.568156
12000.0,1506,20798.340817
6400.0,989,20800.767386
7200.0,908,20802.987612
4000.0,840,20805.042604
8000.0,1407,20808.638772
17600.0,1729,20909.434083
12000.0,1714,20915.873575
8800.0,1368,20920.021502
11200.0,1094,20922.786319
17600.0,2498,20929.379719
8800.0,1148,20932.297288
8800.0,1340,21031.043996
17600.0,1983,21036.350792
4000.0,1110,21039.099753
16800.0,2024,21044.257097
17600.0,1874,21049.060821
5600.0,1045,21147.265363
8000.0,1365,21150.741335
17600.0,1986,21155.803048
10400.0,1376,21159.26572
17600.0,2011,21164.388955
17600.0,1777,21264.595886
8800.0,1589,21268.581951
9600.0,1416,21272.130932
19200.0,2084,21277.445802
8800.0,1063,21280.115055
16000.0,1817,21378.464751
7200.0,1206,21381.518922
11200.0,1870,21386.260515
7200.0,1198,21389.201586
7200.0,1286,21392.462608
17600.0,1690,21396.723608
12000.0,1270,21399.861471
10400.0,1295,21498.640856
17600.0,1902,21503.407431
8000.0,1286,21506.656922
8000.0,1267,21509.857771
7200.0,1336,21513.227872
17600.0,2036,21614.111179
17600.0,2039,21619.389588
11200.0,1781,21623.903935
17600.0,1585,21627.931353
5600.0,909,21630.170357
7200.0,1327,21633.479422
2400.0,776,21729.136963
5600.0,948,21731.457039
7200.0,1013,21733.943282
5600.0,1436,21737.575291
4000.0,1081,21740.252938
17600.0,1574,21744.182785
9600.0,1072,21746.823237
8800.0,1565,21846.428359
4800.0,1012,21848.884394
17600.0,2069,21854.144953
6400.0,1621,21858.247617
17600.0,1816,21862.874476
5600.0,1088,21865.620974
17600.0,1772,21966.124675
5600.0,1263,21969.309987
2400.0,971,21971.728757
3200.0,1192,21974.713055
10400.0,1533,21978.584427
17600.0,2407,21984.74754
18400.0,1859,22083.419368
11200.0,1296,22086.664531
7200.0,1074,22089.332424
11200.0,1211,22092.323875
16800.0,1803,22096.915011
3200.0,972,22099.377248
17600.0,1868,22199.899659
5600.0,1135,22202.75364
8800.0,1265,22205.903999
17600.0,2070,22211.137803
8000.0,1104,22213.883357
10400.0,1268,22217.066948
17600.0,1817,22317.385303
17600.0,1631,22321.49835
17600.0,2000,22326.552165
5600.0,1010,22329.019072
16800.0,2066,22334.247226
8800.0,1267,22431.474635
8000.0,1224,22434.509659
4800.0,931,22436.806485
9600.0,1520,22440.609849
17600.0,1802,22445.168435
16800.0,1870,22449.881998
7200.0,1235,22548.569645
10400.0,1506,22552.394466
11200.0,1785,22556.982252
7200.0,1442,22560.632332
17600.0,1653,22564.86072
7200.0,989,22567.302576
17600.0,1886,22667.84308
9600.0,1491,22671.626226
9600.0,1188,22674.562038
16000.0,2137,22680.016137
11200.0,1572,22684.304376
10400.0,1444,22782.048505
16800.0,1937,22787.015447
10400.0,1620,22791.09428
8000.0,1153,22793.941794
16800.0,1682,22798.12523
17600.0,1742,22898.63605
7200.0,2224,22904.306789
3200.0,837,22906.316967
8000.0,1349,22909.709774
16800.0,1885,22914.471446
12000.0,1667,22918.733075
10400.0,1411,23019.069955
1600.0,912,23021.318855
16800.0,1753,23025.747167
12000.0,1327,23029.067302
4000.0,1388,23032.722824
10400.0,1658,23036.914405
17600.0,1807,23135.890275
17600.0,1896,23140.683185
11200.0,1489,23144.409431
4000.0,1280,23147.653695
17600.0,1670,23151.939035
7200.0,970,23250.421952
16800.0,2333,23256.353433
5600.0,1119,23259.090016
17600.0,1835,23263.751607
8800.0,1279,23267.097578
5600.0,1287,23270.292798
8800.0,1779,23370.974713
2400.0,732,23372.762527
16000.0,2457,23379.080493
11200.0,1583,23383.094167
6400.0,1212,23386.183089
17600.0,2189,23486.105457
10400.0,1305,23489.341587
5600.0,887,23491.526252
17600.0,1799,23496.065623
5600.0,1188,23499.012968
17600.0,1691,23503.312527
17600.0,1930,23602.485903
7200.0,1569,23606.450821
11200.0,1566,23610.37894
7200.0,940,23612.705512
17600.0,1640,23616.907675
10400.0,1665,23621.123306
17600.0,1981,23722.574277
12000.0,1380,23726.060469
6400.0,1058,23728.679146
17600.0,2427,23734.844577
8000.0,1071,23737.488661
5600.0,1349,23835.269415
16800.0,2053,23840.451047
12000.0,1280,23843.648881
16800.0,1825,23848.399649
16800.0,1928,23853.236959
8800.0,1507,23951.376462
3200.0,897,23953.610558
4800.0,1138,23956.453934
17600.0,1747,23960.935965
11200.0,1654,23965.132587
16800.0,1911,23970.013094
6400.0,1170,24068.963767
8000.0,1448,24072.588653
17600.0,1830,24077.194507
16800.0,2148,24082.707134
6400.0,1403,24086.254246
11200.0,1568,24186.260962
4000.0,1809,24190.789502
3200.0,1194,24193.730882
4000.0,696,24195.42806
12000.0,1754,24199.910821
17600.0,1811,24204.463872
17600.0,1758,24305.073178
12000.0,1835,24309.744922
10400.0,1492,24313.492625
12000.0,1997,24318.607198
17600.0,1815,24323.133809
7200.0,1492,24422.784333
17600.0,1815,24427.382673
11200.0,1802,24432.070557
4000.0,812,24434.053381
16800.0,1692,24438.299762
12000.0,1577,24442.317441
4800.0,1872,24547.360932
9600.0,1751,24551.79319
16000.0,1874,24556.536203
12000.0,1926,24561.455896
3200.0,1142,24564.308785
5600.0,1570,24664.116482
7200.0,1499,24667.913709
8800.0,1341,24671.317625
16800.0,1781,24675.826629
17600.0,1903,24680.641289
10400.0,1367,24788.188104
12000.0,1526,24791.978777
12000.0,1445,24795.620357
17600.0,2040,24800.824648
5600.0,812,24802.79832
8000.0,1119,24805.579738
4000.0,1400,24904.915765
16800.0,2074,24910.199112
17600.0,1830,24914.89365
18400.0,2152,24920.440613
11200.0,1355,24923.778982
16800.0,2241,25025.101519
16800.0,1998,25030.306032
11200.0,1220,25033.372363
7200.0,1072,25036.015657
8800.0,1582,25040.014048
5600.0,1320,25147.376081
11200.0,1578,25151.350546
16800.0,2014,25156.433063
17600.0,2490,25162.80858
12000.0,1377,25166.261798
15200.0,2441,25268.43353
16800.0,1794,25273.022552
17600.0,1943,25277.91139
15200.0,2246,25283.681843
4800.0,1073,25390.438941
11200.0,1877,25395.262201
6400.0,1471,25398.979009
17600.0,2169,25404.519517
17600.0,1901,25409.326138
10400.0,1429,25508.888546
16800.0,2646,25515.862553
10400.0,1384,25519.446012
10400.0,1848,25524.191208
8800.0,1373,25527.630674
7200.0,1884,25628.561888
2400.0,1420,25632.293025
16800.0,1885,25637.096842
16800.0,1806,25641.717247
11200.0,1459,25645.337517
11200.0,1545,25753.313721
11200.0,2091,25758.873836
11200.0,1146,25761.709775
7200.0,1153,25764.6185
15200.0,2119,25770.054276
19200.0,2382,25880.111379
10400.0,1522,25883.902488
9600.0,1352,25887.280804
17600.0,1850,25891.956703
17600.0,1640,25896.060251
17600.0,2159,26005.469161
16800.0,2218,26011.103636
3200.0,1420,26014.700295
17600.0,2074,26019.989204
3200.0,1031,26022.593466
9600.0,1566,26130.735939
7200.0,972,26133.131076
16800.0,2145,26138.660329
7200.0,1532,26142.495661
5600.0,822,26144.514719
17600.0,1582,26148.50992
10400.0,1518,26248.232566
17600.0,1960,26253.306618
6400.0,1964,26258.325606
8000.0,979,26260.767832
8800.0,1260,26263.933766
17600.0,2025,26365.292057
11200.0,1117,26368.122089
10400.0,1191,26371.091259
10400.0,1522,26374.863228
5600.0,1094,26377.677345
16800.0,1598,26381.654382
19200.0,1849,26491.38369
12000.0,1639,26495.569315
12000.0,1578,26499.545862
5600.0,842,26501.620107
17600.0,1918,26506.517216
17600.0,2389,26512.592505
16800.0,2210,26614.365084
9600.0,1447,26617.995643
4000.0,1041,26620.551477
15200.0,2023,26625.661179
16000.0,1950,26726.646424
17600.0,2000,26731.691019
16800.0,1798,26736.243702
17600.0,1872,26740.930329
7200.0,1133,26743.72297
9600.0,1362,26747.23706
12800.0,1494,26854.197751
15200.0,1970,26859.206165
4000.0,1103,26861.92118
8000.0,1505,26865.719909
16800.0,2418,26871.924287
5600.0,843,26977.979843
3200.0,1195,26980.922652
8800.0,1346,26984.270546
6400.0,1346,26987.651038
16800.0,1849,26992.349836
8000.0,1155,26995.207286
5600.0,846,26997.255016
17600.0,1800,27097.828288
11200.0,1650,27101.960335
3200.0,1393,27105.478496
17600.0,2113,27110.870594
17600.0,1885,27115.670002
16800.0,2007,27216.525081
10400.0,1418,27220.071757
5600.0,1666,27224.251265
17600.0,2234,27229.974368
11200.0,1459,27233.694145
15200.0,2137,27343.49143
6400.0,1435,27347.151027
3200.0,720,27348.91205
7200.0,1012,27351.382257
19200.0,2748,27358.615913
15200.0,2097,27459.758288
7200.0,1051,27462.331081
12000.0,1477,27466.082658
17600.0,1761,27470.550664
16000.0,2179,27476.136846
12000.0,1621,27584.678668
8800.0,1414,27588.286487
17600.0,1974,27593.343003
10400.0,2285,27599.146588
7200.0,1660,27603.334804
17600.0,1921,27703.911243
8000.0,1288,27707.154927
8000.0,1282,27710.345998
9600.0,1710,27714.630331
16800.0,2013,27719.718977
17600.0,1994,27839.735636
16800.0,2267,27845.481382
16800.0,1744,27849.846723
8800.0,1505,27853.649268
9600.0,1090,27856.353276
16800.0,1874,27976.448359
7200.0,1494,27980.22261
6400.0,1416,27983.771287
12000.0,1480,27987.508195
17600.0,1781,27992.169836
10400.0,1130,28104.89291
17600.0,1903,28109.943466
17600.0,1963,28115.040437
9600.0,1419,28118.720602
16800.0,1780,28123.325294
17600.0,2200,28249.264994
12000.0,1498,28253.108667
7200.0,1377,28256.611484
17600.0,2056,28261.930057
17600.0,2209,28267.703107
16800.0,2779,28384.521309
16800.0,1813,28389.166294
7200.0,1322,28392.546702
16800.0,1836,28397.694801
17600.0,2402,28528.79217
11200.0,1387,28532.356366
12000.0,1310,28535.693199
12000.0,1230,28538.81622
16000.0,1928,28543.805471
9600.0,1353,28547.251773
4000.0,1086,28669.46455
8000.0,1511,28673.388603
18400.0,2226,28679.286751
17600.0,1885,28684.371172
17600.0,1942,28689.476395
15200.0,2126,28802.044486
3200.0,836,28804.105216
17600.0,1562,28808.045462
16800.0,1837,28812.709411
12000.0,1721,28817.077909
7200.0,1551,28936.376043
5600.0,1448,28940.016202
5600.0,1268,28943.22171
3200.0,1628,28947.337801
7200.0,1301,28950.640749
2400.0,1468,28954.368928
17600.0,2328,29067.079906
17600.0,2117,29072.403455
17600.0,2517,29078.85219
11200.0,1874,29083.594622
11200.0,2215,29204.821725
16800.0,2386,29210.879388
17600.0,1699,29215.18128
16800.0,1994,29220.28283
8800.0,1099,29329.787766
17600.0,2137,29335.179551
6400.0,1554,29339.102621
9600.0,1137,29342.087354
4800.0,1334,29345.496751
16800.0,1685,29456.442249
11200.0,2013,29461.530373
11200.0,1581,29465.5213
3200.0,992,29467.962665
5600.0,1007,29470.484672
7200.0,1229,29473.539384
4800.0,906,29475.736989
5600.0,1127,29593.733059
11200.0,1214,29596.756732
17600.0,2403,29602.871671
5600.0,1195,29605.849114
7200.0,1388,29609.271728
10400.0,1951,29614.181577
12000.0,1559,29733.677224
17600.0,1882,29738.44022
3200.0,1406,29742.02933
18400.0,2206,29747.643132
12000.0,1806,29858.74656
17600.0,1889,29863.497724
16800.0,1533,29867.354089
17600.0,2084,29872.700035
10400.0,1491,29876.422998
4000.0,1083,29879.119678
11200.0,1277,29998.057603
7200.0,1107,30000.792322
17600.0,1908,30006.203855
17600.0,1843,30010.930539
7200.0,1281,30014.13786
3200.0,692,30015.798372
6400.0,967,30125.181644
8000.0,1391,30128.642591
16800.0,2505,30135.087545
8800.0,1031,30137.651506
5600.0,1389,30141.106696
17600.0,1763,30145.610883
16000.0,1844,30256.941749
17600.0,1720,30261.290285
6400.0,988,30263.74486
8800.0,1219,30266.73394
11200.0,1577,30270.715608
7200.0,1019,30273.210669
9600.0,988,30382.273564
8000.0,1203,30385.25888
10400.0,1694,30389.516752
18400.0,2351,30395.515096
17600.0,1761,30399.998546
7200.0,987,30402.412608
4800.0,1035,30519.802433
17600.0,1849,30524.535878
8000.0,1410,30528.146098
16800.0,2521,30534.538388
17600.0,1746,30539.004719
17600.0,1699,30658.112678
17600.0,1849,30662.859247
17600.0,1954,30667.782458
12000.0,1641,30671.893577
4800.0,1257,30675.070746
16800.0,2427,30788.062242
12000.0,1568,30792.04479
16000.0,2057,30797.312835
16800.0,1756,30801.720034
2400.0,711,30803.452663
17600.0,2323,30916.630142
17600.0,2251,30922.34382
6400.0,1259,30925.528801
12000.0,1106,30928.253248
16800.0,2169,31040.56794
18400.0,1883,31045.349047
4000.0,1127,31048.156423
5600.0,1048,31050.732893
16800.0,1737,31055.135288
8800.0,1194,31058.148825
16800.0,1789,31169.614888
11200.0,1522,31173.488136
9600.0,1136,31176.394305
5600.0,947,31178.678924
4000.0,897,31180.887305
17600.0,1723,31185.226251
4800.0,852,31187.328023
17600.0,1848,31298.993392
17600.0,1769,31303.581718
12000.0,2293,31309.434887
12800.0,1429,31312.99891
16000.0,1840,31317.631246
16800.0,1834,31429.031208
17600.0,1862,31433.809911
17600.0,2929,31441.324845
8800.0,1185,31444.262888
16800.0,2234,31556.595245
17600.0,2249,31562.408392
4800.0,878,31564.585232
17600.0,2093,31569.980079
17600.0,1994,31575.090681
12000.0,1520,31694.601817
16800.0,2455,31700.923968
8800.0,1227,31704.053833
17600.0,1875,31708.744175
7200.0,1215,31711.746659
10400.0,1228,31832.502205
5600.0,1140,31835.390996
12000.0,1590,31839.404663
16800.0,2244,31845.099334
16800.0,1957,31850.01741
7200.0,1159,31959.78061
8800.0,1430,31963.486017
17600.0,2032,31968.60867
10400.0,1497,31972.349879
17600.0,1761,31976.813586
17600.0,2377,32089.753151
17600.0,2039,32094.905372
11200.0,1495,32098.677945
17600.0,1974,32103.706474
4000.0,921,32105.928509
17600.0,2477,32227.346923
11200.0,1781,32231.865532
5600.0,920,32234.097363
10400.0,1273,32237.328107
18400.0,2318,32243.269696
10400.0,1452,32362.199285
8800.0,1583,32366.223121
17600.0,1862,32370.990927
16800.0,1958,32375.955274
17600.0,1787,32380.474816
17600.0,1827,32500.692964
10400.0,1253,32503.872371
5600.0,1455,32507.472393
16800.0,1739,32511.916664
12000.0,1675,32516.16138
9600.0,1471,32520.006129
16000.0,1768,32639.538077
17600.0,1722,32643.906614
9600.0,1315,32647.218501
17600.0,1857,32651.944923
17600.0,1643,32656.119017
9600.0,1112,32765.952281
2400.0,691,32767.603215
16800.0,1807,32772.174689
12000.0,1293,32775.431615
16800.0,1866,32780.211565
16000.0,2371,32901.39654
17600.0,1906,32906.203999
9600.0,1518,32910.043997
16800.0,2495,32916.445894
16800.0,2164,32922.004162
17600.0,1665,33041.823882
14400.0,1964,33046.92362
17600.0,1890,33051.836125
16800.0,2448,33058.142989
11200.0,1545,33176.936079
16800.0,2045,33182.169689
11200.0,1519,33186.048057
17600.0,2194,33191.654309
17600.0,1923,33196.737109
17600.0,2417,33318.011253
8800.0,1760,33322.486177
17600.0,2002,33327.617092
5600.0,1001,33330.160833
17600.0,1719,33441.435582
9600.0,1541,33445.337396
17600.0,1924,33450.210226
16000.0,1784,33454.761266
17600.0,1594,33458.812257
17600.0,1913,33579.031544
17600.0,2023,33584.17948
5600.0,1065,33586.832603
11200.0,1587,33590.897368
11200.0,1381,33594.424533
11200.0,1668,33598.667728
11200.0,1692,33718.24387
8000.0,1174,33721.206036
17600.0,1975,33726.199288
16800.0,2220,33731.861186
9600.0,1812,33851.565558
17600.0,2135,33857.038468
12000.0,1656,33861.305459
10400.0,1491,33865.038727
17600.0,1702,33869.48878
12000.0,1515,33873.359402
4000.0,898,33991.194105
5600.0,1040,33993.780277
10400.0,1099,33996.466747
15200.0,2066,34001.749539
2400.0,400,34002.688954
17600.0,1707,34007.025151
17600.0,2129,34127.765094
4000.0,709,34129.546176
12000.0,1872,34134.294234
17600.0,2191,34139.917649
16800.0,2302,34145.792484
16800.0,1875,34257.265943
19200.0,2006,34262.387943
5600.0,1116,34265.176536
12000.0,1349,34268.602259
17600.0,2168,34274.171526
8800.0,1377,34392.091255
17600.0,2251,34397.780761
16800.0,1932,34402.712334
5600.0,852,34404.859485
11200.0,1374,34408.267506
17600.0,2047,34520.428115
16800.0,1938,34525.421542
5600.0,1001,34527.880196
17600.0,2253,34533.734328
17600.0,1731,34538.058734
16800.0,1980,34650.164864
10400.0,1514,34653.980041
5600.0,1276,34657.191618
17600.0,1914,34662.072588
17600.0,2018,34667.250338
4000.0,962,34669.575345
8800.0,1126,34787.856041
16000.0,1743,34792.287406
17600.0,1885,34797.055324
8000.0,988,34799.537238
17600.0,1674,34803.770984
8800.0,1351,34807.145318
4000.0,1035,34916.783532
8000.0,1227,34919.905901
11200.0,1345,34923.215788
10400.0,1766,34927.715439
17600.0,2258,34933.512985
17600.0,1792,35045.215175
10400.0,1122,35047.981644
17600.0,1920,35052.823317
7200.0,1386,35056.366905
17600.0,1652,35060.543934
12000.0,1973,35181.126594
17600.0,2175,35186.647771
7200.0,1983,35191.790558
17600.0,1697,35196.015634
17600.0,1883,35200.759707
10400.0,1337,35311.410768
4000.0,1048,35314.002966
1600.0,1003,35316.48482
16800.0,1739,35320.887843
12800.0,1800,35325.44264
8800.0,1424,35329.059474
8800.0,1502,35440.103251
6400.0,1192,35443.041213
17600.0,2269,35448.861371
17600.0,1946,35453.843443
16800.0,2030,35459.024008
16800.0,1644,35573.024846
7200.0,1019,35575.510503
7200.0,1208,35578.549013
16800.0,2021,35583.709688
2400.0,1103,35586.465786
16800.0,1885,35591.209569
12000.0,1626,35703.817925
17600.0,1991,35708.883089
8800.0,1342,35712.250853
7200.0,999,35714.676571
4000.0,988,35717.118325
6400.0,920,35719.34883
10400.0,1908,35839.858545
4000.0,1058,35842.474199
17600.0,2016,35847.738507
8000.0,1238,35850.832674
4000.0,768,35852.697365
11200.0,1690,35856.964832
17600.0,1773,35968.890533
2400.0,774,35970.753683
8800.0,983,35973.170981
16800.0,2026,35978.289815
18400.0,2374,35984.337204
17600.0,1905,36096.605051
5600.0,1419,36100.212545
4800.0,1133,36103.019443
17600.0,1787,36107.580206
5600.0,1226,36110.646199
17600.0,1770,36115.130082
17600.0,1513,36226.294887
5600.0,1135,36229.165788
17600.0,1761,36233.62448
17600.0,1735,36238.013657
5600.0,1468,36241.760687
11200.0,1289,36244.938645
9600.0,1339,36355.69519
17600.0,1641,36359.84367
11200.0,1692,36364.120007
17600.0,1753,36368.460802
8000.0,1151,36371.345593
8000.0,1172,36374.276282
17600.0,1833,36486.382764
16800.0,1539,36490.373136
12000.0,1320,36493.702444
17600.0,1750,36498.172928
17600.0,1788,36502.736121
16800.0,1559,36614.733433
17600.0,1815,36619.40762
10400.0,1137,36622.217077
17600.0,2039,36627.48531
7200.0,1018,36630.047147
4000.0,848,36632.106612
7200.0,1348,36749.009382
12000.0,1426,36752.606068
4800.0,1157,36755.480393
6400.0,843,36757.542582
8800.0,1593,36761.581169
17600.0,2134,36767.0647
5600.0,744,36768.901948
4000.0,1231,36879.60786
11200.0,1466,36883.26848
17600.0,1924,36888.139882
5600.0,1375,36891.622592
11200.0,1495,36895.358482
9600.0,979,36897.742865
17600.0,2223,37011.645318
8800.0,1507,37015.42017
8800.0,1526,37019.293666
8800.0,1052,37021.87831
5600.0,1060,37024.477385
17600.0,1978,37137.726114
5600.0,791,37140.040153
4000.0,1076,37143.520077
11200.0,1204,37146.661836
18400.0,2250,37152.574219
7200.0,1126,37155.459949
11200.0,1513,37159.373377
17600.0,1679,37275.189845
17600.0,2288,37281.09664
16800.0,2217,37286.854311
17600.0,1995,37291.969704
4000.0,1692,37406.665535
17600.0,1842,37411.336199
4000.0,1234,37414.511857
10400.0,1658,37418.738348
5600.0,1166,37421.645165
17600.0,1714,37535.688052
17600.0,1792,37540.227311
7200.0,1631,37544.355266
12000.0,1437,37547.964383
12000.0,1552,37551.839037
17600.0,2245,37667.084441
12000.0,1446,37670.693416
16800.0,2055,37675.909719
5600.0,1034,37678.492085
15200.0,1782,37683.054771
17600.0,2028,37804.379821
8800.0,981,37806.810891
16800.0,1862,37811.525079
12000.0,1847,37816.267686
16800.0,1925,37821.182753
16800.0,1854,37825.888335
5600.0,854,37935.301182
17600.0,2032,37940.469287
17600.0,1962,37945.422146
17600.0,1736,37949.824497
10400.0,1281,37953.074486
4000.0,912,38062.652606
8800.0,1423,38066.232962
8800.0,1530,38070.079634
5600.0,1008,38072.596733
16800.0,1881,38077.44049
16800.0,1795,38081.981003
8000.0,1339,38192.732636
4000.0,1020,38195.270528
6400.0,1046,38197.894609
17600.0,1809,38202.485165
7200.0,1738,38206.870367
10400.0,1343,38210.491584
17600.0,2005,38322.612831
14400.0,1716,38326.988107
12000.0,1717,38331.360272
17600.0,1971,38336.391566
3200.0,965,38338.755094
5600.0,1384,38457.527305
17600.0,1533,38461.376109
10400.0,1315,38464.703018
8000.0,1369,38468.13046
16800.0,2180,38473.624148
12800.0,1135,38476.592179
7200.0,1631,38587.738457
16000.0,2032,38592.87816
8000.0,984,38595.369293
12000.0,1884,38600.139238
7200.0,1674,38604.381187
11200.0,1207,38607.408499
17600.0,2040,38719.702736
16800.0,1714,38724.042513
17600.0,2116,38729.489342
16800.0,1685,38733.735857
7200.0,1354,38844.164242
10400.0,1798,38848.708412
5600.0,1274,38851.897644
17600.0,1787,38856.451165
17600.0,1962,38861.482901
8800.0,1150,38864.352284
11200.0,1607,38984.883518
16800.0,2128,38990.426447
17600.0,2325,38996.435921
11200.0,1438,39000.348164
8800.0,1375,39003.812826
12000.0,1438,39126.822074
17600.0,1896,39131.643555
17600.0,2056,39136.913166
8800.0,1341,39140.230734
17600.0,1961,39252.438417
17600.0,1719,39256.770772
4000.0,1481,39260.528948
8800.0,985,39262.942859
16800.0,1806,39267.584633
18400.0,1808,39272.205799
5600.0,1664,39383.759256
8800.0,1495,39387.555624
12000.0,1136,39390.419892
11200.0,1481,39394.196645
17600.0,1593,39398.215549
16800.0,1832,39402.84104
17600.0,1649,39522.296037
3200.0,1045,39524.834559
18400.0,2545,39531.330459
12000.0,2089,39536.727386
16800.0,2131,39649.484723
9600.0,987,39651.945204
17600.0,2343,39657.908027
1600.0,912,39660.116513
1600.0,1114,39663.006269
8000.0,1067,39665.585317
9600.0,1705,39785.960076
7200.0,1128,39788.766761
8000.0,1627,39792.866962
7200.0,1445,39796.53954
10400.0,1417,39800.118519
5600.0,1048,39802.673461
17600.0,1920,39914.828636
2400.0,900,39917.068515
12000.0,1923,39921.948691
17600.0,2019,39927.062486
11200.0,1301,39930.442402
8000.0,1198,39933.449849
17600.0,1937,40045.834999
16800.0,1734,40050.192589
17600.0,1763,40054.62856
16000.0,1904,40059.435778
17600.0,1674,40063.728407
11200.0,1750,40175.716419
7200.0,1251,40178.794659
7200.0,949,40181.143843
16000.0,2098,40186.493846
7200.0,1358,40189.923968
16800.0,2387,40303.17943
20000.0,2560,40309.77522
7200.0,1147,40312.66385
9600.0,1462,40316.438145
6400.0,972,40318.828922
10400.0,1516,40322.635295
9600.0,1490,40433.716077
16800.0,2653,40440.45135
4000.0,986,40442.916956
8000.0,1328,40446.260769
7200.0,1398,40449.753347
9600.0,1418,40560.447562
17600.0,2237,40566.188823
9600.0,1280,40569.419844
17600.0,2116,40574.818785
16000.0,1759,40579.291212
11200.0,1473,40690.218802
3200.0,1134,40693.02336
4000.0,936,40695.369948
12000.0,1522,40699.2167
4000.0,1633,40703.373524
7200.0,986,40705.797703
4000.0,1150,40708.668249
17600.0,1855,40820.748378
5600.0,946,40823.115918
17600.0,1929,40828.10045
16000.0,2238,40833.917113
16800.0,1960,40946.371152
9600.0,1457,40950.029885
17600.0,2130,40955.595214
8800.0,1366,40959.080294
8000.0,982,40961.511927
10400.0,1176,40964.48044
17600.0,1970,41076.945495
17600.0,1890,41081.722476
17600.0,1957,41086.701748
17600.0,1808,41091.257585
12000.0,1417,41094.829106
12000.0,1674,41207.58087
17600.0,1683,41211.793913
17600.0,1900,41216.689471
17600.0,1996,41221.809322
17600.0,1872,41226.542079
6400.0,1049,41336.346154
7200.0,1431,41339.906225
10400.0,1493,41343.681673
17600.0,2074,41348.886685
17600.0,1972,41353.904074
8000.0,1176,41464.427971
17600.0,1827,41469.029399
12000.0,1662,41473.261516
18400.0,2001,41478.322093
4800.0,911,41480.578246
20000.0,2459,41594.237103
11200.0,1780,41598.792985
17600.0,1886,41603.679692
16800.0,1826,41608.360524
17600.0,2049,41613.539738
8800.0,1223,41724.171399
17600.0,2083,41729.479604
12000.0,2096,41734.861545
7200.0,1491,41738.677193
11200.0,1132,41741.473111
11200.0,1780,41853.329238
17600.0,1881,41858.186966
17600.0,2136,41863.581796
7200.0,1200,41866.587679
17600.0,2002,41871.721242
10400.0,1562,41983.128754
17600.0,1851,41987.860643
17600.0,1858,41992.472053
17600.0,2348,41998.49131
12000.0,1323,42109.403574
16800.0,1977,42114.392968
16800.0,2146,42119.906405
17600.0,1961,42124.921321
12000.0,1557,42128.856952
11200.0,1374,42240.211092
11200.0,1153,42243.057396
17600.0,2786,42250.39319
10400.0,989,42252.868508
17600.0,1744,42257.366532
0.0,823,42259.403618
17600.0,2184,42373.3459
4800.0,978,42375.764811
16800.0,1842,42380.381073
17600.0,1972,42385.40267
16800.0,2390,42499.204724
9600.0,1795,42503.795622
9600.0,1246,42506.890927
17600.0,1947,42511.857668
11200.0,1853,42516.552398
5600.0,917,42518.816921
10400.0,1365,42632.717405
8800.0,1256,42635.852872
7200.0,1127,42638.643193
9600.0,1663,42642.811303
17600.0,1690,42647.121925
8800.0,1427,42650.745898
12000.0,1369,42761.581954
11200.0,1801,42766.215137
17600.0,1766,42770.690251
8800.0,1036,42773.245221
5600.0,812,42775.264744
8000.0,1276,42778.433419
17600.0,1800,42890.378161
11200.0,1135,42893.340919
17600.0,1827,42897.994328
17600.0,1930,42902.877935
17600.0,2250,42908.710224
9600.0,1182,43019.813142
3200.0,971,43022.173409
17600.0,2100,43027.521015
5600.0,790,43029.435124
5600.0,891,43031.630595
7200.0,1092,43034.325686
6400.0,833,43036.340331
10400.0,1282,43039.544203
17600.0,1815,43151.410622
12000.0,1590,43155.456908
10400.0,1392,43158.909924
17600.0,1935,43163.846439
8800.0,1298,43167.082805
17600.0,1687,43278.810012
17600.0,1772,43283.25742
4000.0,884,43285.391936
17600.0,1937,43290.285793
9600.0,1879,43295.077627
8800.0,1008,43297.62363
12000.0,1632,43409.116372
17600.0,2222,43414.773867
17600.0,1929,43419.646106
7200.0,1353,43423.043817
17600.0,1802,43427.811235
4000.0,1595,43547.838389
17600.0,1804,43552.367913
16800.0,1792,43556.843065
15200.0,1895,43561.638426
11200.0,1645,43673.38676
10400.0,1343,43676.800048
5600.0,997,43679.305693
17600.0,1927,43684.221101
18400.0,1896,43689.079379
16800.0,1765,43693.525132
11200.0,1362,43804.798363
12000.0,1449,43808.368705
17600.0,2227,43814.009686
16000.0,1894,43818.858776
12000.0,1456,43822.489282
16800.0,2064,43935.298616
17600.0,1736,43939.686217
4800.0,1138,43942.549485
19200.0,2031,43947.754034
16800.0,2043,43952.943628
5600.0,1315,44064.130392
3200.0,988,44066.559921
8000.0,1062,44069.238902
8800.0,1004,44071.70536
7200.0,1036,44074.236765
17600.0,1892,44079.062322
8000.0,1488,44082.930394
11200.0,1810,44203.667771
7200.0,1093,44206.385511
17600.0,1773,44210.883103
9600.0,1495,44214.625625
5600.0,1082,44217.275663
5600.0,1219,44220.332538
9600.0,1533,44331.99371
17600.0,1756,44336.538897
17600.0,2247,44342.239453
17600.0,1719,44346.600488
17600.0,1851,44460.16777
17600.0,1956,44465.163373
18400.0,1965,44470.218568
17600.0,2016,44475.425591
17600.0,1912,44480.328137
16000.0,2004,44593.033433
12000.0,1418,44596.634545
4000.0,1352,44600.06676
8000.0,986,44602.530569
12000.0,1435,44606.098558
9600.0,1518,44609.995318
8800.0,1601,44722.512447
4000.0,1084,44725.285223
16800.0,1669,44729.498101
12000.0,1353,44732.889691
12000.0,1531,44736.939086
12000.0,1859,44858.387295
16000.0,2490,44864.7407
17600.0,1870,44869.51744
16800.0,2124,44874.960033
7200.0,1190,44877.883212
8000.0,1197,44988.694804
5600.0,893,44990.870165
8800.0,1523,44994.740869
17600.0,1782,44999.302061
16800.0,2120,45004.712895
12000.0,1498,45008.452638
17600.0,2133,45121.709536
17600.0,1900,45126.566785
12800.0,1524,45130.409866
11200.0,2027,45135.542407
17600.0,1783,45247.836531
17600.0,1673,45252.05262
3200.0,1422,45255.609063
17600.0,1891,45260.456765
17600.0,2129,45265.850067
8000.0,1357,45376.976464
4000.0,1413,45380.566404
17600.0,1866,45385.378797
3200.0,1129,45388.240496
12000.0,1567,45392.310372
17600.0,1679,45396.59885
18400.0,1848,45517.821157
17600.0,2104,45523.134092
11200.0,1779,45527.668661
4000.0,915,45529.940574
7200.0,1294,45533.134724
17600.0,1542,45644.958529
10400.0,1237,45648.091945
12000.0,1437,45651.717785
7200.0,1199,45654.744865
11200.0,1492,45658.514208
16800.0,1779,45663.085139
17600.0,1496,45772.557196
8000.0,1705,45776.863989
8000.0,1035,45779.372275
9600.0,1075,45782.026362
11200.0,1512,45785.92868
5600.0,1419,45789.423845
17600.0,1904,45899.951451
10400.0,1336,45903.388646
12000.0,1202,45906.43642
9600.0,1199,45909.451187
8800.0,1355,45912.871563
8800.0,1524,45916.734191
17600.0,1825,46026.54941
4800.0,1087,46029.260132
6400.0,1413,46032.801849
11200.0,1447,46036.654888
18400.0,2380,46042.764605
17600.0,1999,46155.821303
4000.0,888,46157.959394
15200.0,1741,46162.382065
7200.0,1389,46165.87708
17600.0,1966,46170.874306
17600.0,2052,46176.101865
17600.0,1831,46287.54676
8800.0,1413,46291.136271
4000.0,1074,46293.743529
3200.0,1308,46296.99531
4000.0,1247,46300.065761
17600.0,2049,46413.231747
16800.0,1754,46417.624774
17600.0,1840,46422.284516
17600.0,2264,46428.099399
16800.0,1686,46432.411562
11200.0,1424,46541.30355
7200.0,1131,46544.132244
16000.0,2104,46549.5797
17600.0,2385,46555.699605
16000.0,1782,46560.288064
16800.0,1532,46669.522872
16800.0,1937,46674.524411
10400.0,1373,46678.127501
15200.0,1890,46683.002394
10400.0,1329,46686.389629
6400.0,999,46688.835375
15200.0,1941,46799.158616
15200.0,2300,46805.056216
5600.0,1412,46808.634421
2400.0,971,46811.031967
12000.0,1419,46814.599859
5600.0,854,46922.440213
17600.0,1980,46927.613518
12000.0,2079,46933.037453
7200.0,1557,46936.930935
10400.0,1225,46940.04877
16800.0,1882,47050.098394
12000.0,1862,47054.811973
16800.0,2101,47060.143497
11200.0,1415,47063.715227
16000.0,1848,47068.421896
9600.0,1271,47177.072589
17600.0,1645,47181.288386
8000.0,1230,47184.366151
10400.0,1524,47188.159928
17600.0,1921,47193.121395
17600.0,1699,47197.36721
12000.0,1503,47306.441647
10400.0,1561,47310.557316
1600.0,840,47312.594079
17600.0,1768,47317.120633
16800.0,1757,47321.559506
5600.0,1162,47324.401139
10400.0,1455,47433.42954
17600.0,1938,47438.365661
11200.0,1747,47442.810742
11200.0,1910,47447.699961
17600.0,2167,47558.786521
8000.0,1423,47562.447922
5600.0,1338,47565.754199
8800.0,1137,47568.611805
4000.0,1614,47572.676262
11200.0,1280,47575.85112
11200.0,1208,47578.878022
17600.0,1574,47688.384186
11200.0,1596,47692.404695
7200.0,1486,47696.135188
16800.0,2049,47701.402429
8000.0,1498,47705.117043
17600.0,2140,47816.002531
12000.0,1601,47820.06501
11200.0,1416,47823.602887
10400.0,1488,47827.323029
17600.0,1703,47831.616459
10400.0,1849,47942.26822
7200.0,788,47944.253542
8800.0,1065,47946.840409
10400.0,1200,47949.835832
16000.0,1821,47954.531254
7200.0,1433,47958.187915
12000.0,1856,48068.422168
17600.0,1647,48072.548298
11200.0,1912,48077.298471
7200.0,1212,48080.31736
16000.0,1730,48084.694322
5600.0,917,48086.973005
3200.0,1199,48195.262149
17600.0,1803,48199.810741
17600.0,1709,48204.197919
17600.0,2122,48209.519155
5600.0,1169,48212.415228
17600.0,1870,48322.74871
17600.0,1885,48327.539322
16000.0,1949,48332.527663
12000.0,1892,48337.271337
16800.0,2294,48452.103404
17600.0,1778,48456.644376
19200.0,2143,48462.1277
8000.0,1205,48465.106723
17600.0,2087,48470.464157
18400.0,2553,48585.205937
16800.0,2301,48591.027828
11200.0,1341,48594.431495
12000.0,1529,48598.308458
5600.0,1075,48600.916616
11200.0,1208,48711.959119
11200.0,1085,48714.645511
17600.0,1906,48719.482801
16800.0,1814,48724.007849
16800.0,2554,48730.517894
12000.0,1427,48842.186207
19200.0,2487,48848.49209
8000.0,1566,48852.507621
8000.0,1457,48856.17532
17600.0,2240,48970.784106
11200.0,1487,48974.52888
19200.0,2080,48979.781562
8800.0,1318,48983.08045
4000.0,993,48985.537361
16800.0,2079,48990.825654
17600.0,1781,49101.375098
17600.0,1641,49105.506794
17600.0,1982,49110.468343
17600.0,1973,49115.490336
8000.0,1637,49119.800551
6400.0,1199,49231.506992
16800.0,1895,49236.320301
5600.0,1116,49239.078241
17600.0,1973,49244.035818
17600.0,1958,49249.021451
10400.0,1645,49361.40924
4800.0,915,49363.678835
16800.0,1894,49368.515747
17600.0,1980,49373.5513
8800.0,1498,49377.304577
16800.0,1943,49490.403024
12000.0,1424,49493.980994
17600.0,1845,49498.649566
11200.0,1512,49502.398635
7200.0,1515,49506.266407
8800.0,1186,49509.166407
11200.0,1704,49621.949394
4000.0,1780,49626.457133
17600.0,1920,49631.334532
17600.0,1684,49635.656802
7200.0,1513,49639.468745
16800.0,1910,49752.822841
8000.0,987,49755.254056
10400.0,1196,49758.225985
12000.0,1447,49761.851373
12000.0,1407,49765.401387
16800.0,1877,49770.315807
8000.0,1513,49882.277801
16800.0,1613,49886.357744
8800.0,1144,49889.16235
9600.0,1056,49891.817399
17600.0,2144,49897.266354
16000.0,2023,50007.976665
16000.0,1837,50012.737266
17600.0,1639,50016.924834
12000.0,2244,50022.751191
17600.0,1788,50027.279958
16800.0,1580,50140.099903
17600.0,2069,50145.372463
5600.0,1000,50147.794584
7200.0,1274,50150.984053
12000.0,1497,50154.773937
17600.0,2120,50267.092163
17600.0,1986,50272.198054
10400.0,1487,50275.96823
4000.0,1056,50278.594362
12000.0,1660,50282.835677
6400.0,1050,50285.407614
17600.0,1890,50398.708877
7200.0,984,50401.141454
16800.0,1938,50406.015968
11200.0,1489,50409.90757
10400.0,1208,50412.885956
17600.0,2064,50526.339
11200.0,1316,50529.634047
4000.0,959,50531.961061
7200.0,1193,50534.963958
8000.0,1079,50537.610594
17600.0,1572,50541.591911
6400.0,1555,50545.553577
7200.0,918,50656.211588
5600.0,1126,50659.014365
11200.0,1520,50662.857568
8800.0,1036,50665.436297
17600.0,1660,50669.648424
17600.0,1763,50674.101809
12000.0,1901,50784.575471
12000.0,1979,50789.547834
5600.0,1274,50792.717088
8800.0,1438,50796.397369
17600.0,1712,50800.682481
16800.0,1999,50922.815338
17600.0,1798,50927.365345
17600.0,2011,50932.377147
16000.0,1803,50936.895451
8800.0,1097,50939.580752
16800.0,1920,51061.19554
17600.0,1799,51065.752975
17600.0,1872,51070.501728
4000.0,1062,51073.245328
9600.0,1367,51076.719343
19200.0,1754,51189.511255
1600.0,893,51191.673037
16800.0,2438,51197.938616
17600.0,3121,51206.038156
12000.0,1599,51210.07043
9600.0,1667,51322.716475
17600.0,1677,51326.95323
7200.0,1296,51330.210248
17600.0,1721,51334.548908
9600.0,1656,51338.682841
10400.0,1232,51459.97327
11200.0,1603,51464.074106
17600.0,1893,51468.918717
16800.0,1946,51473.852355
8800.0,1204,51476.858817
8800.0,1058,51479.544649
17600.0,1898,51592.830075
12000.0,1271,51596.009994
17600.0,1768,51600.532418
4000.0,1114,51603.355168
5600.0,832,51605.398866
7200.0,957,51607.775255
8800.0,1011,51610.302
16000.0,2257,51732.792801
10400.0,1417,51736.421843
