#{"t_start": 1756313696.207565, "env_id": "ALE/MarioBros-v5"}
r,l,t
11200.0,1421,6.470613
7200.0,1695,11.869626
18400.0,2097,17.488805
9600.0,1202,20.725121
5600.0,1064,23.597873
17600.0,2124,145.414981
5600.0,1393,151.038607
8800.0,1273,155.99599
7200.0,1192,159.366198
9600.0,1578,164.652493
17600.0,1722,170.676539
11200.0,1790,299.622405
6400.0,1117,302.508359
15200.0,1803,307.356896
9600.0,1441,311.287825
5600.0,888,313.696147
12000.0,1534,318.097811
4000.0,1570,449.983984
4800.0,1436,456.047355
11200.0,1656,461.845494
10400.0,1430,465.828898
5600.0,1001,469.577903
17600.0,2006,585.738926
17600.0,1751,590.306407
17600.0,1725,595.386426
3200.0,1183,598.497339
16000.0,1839,603.517321
8000.0,1527,608.041725
6400.0,1135,721.518267
9600.0,1408,727.187837
11200.0,1513,733.606137
17600.0,1798,738.786154
10400.0,1206,741.906061
8800.0,1016,744.50938
10400.0,1661,866.550768
8800.0,1203,869.707965
6400.0,1125,872.558664
12000.0,1127,875.81154
7200.0,1439,880.243796
4800.0,773,882.357253
9600.0,1755,887.798322
8800.0,1298,1016.174547
6400.0,1555,1022.845586
6400.0,1139,1027.348441
17600.0,1721,1032.813668
6400.0,1444,1036.587938
3200.0,1640,1041.724014
5600.0,1518,1153.555431
10400.0,1176,1157.801857
10400.0,1642,1163.751384
8800.0,1229,1167.783117
10400.0,1773,1173.73854
8000.0,1384,1178.64739
8800.0,1376,1318.902251
17600.0,2053,1325.134671
17600.0,2190,1331.983855
9600.0,1356,1338.491174
9600.0,1423,1345.001815
17600.0,2190,1472.737923
16000.0,2232,1479.424546
17600.0,1721,1484.70361
17600.0,1627,1489.691503
7200.0,1147,1493.638632
6400.0,1234,1612.567271
4800.0,1023,1615.684146
4000.0,1328,1619.433288
17600.0,2216,1625.956752
6400.0,843,1628.341717
6400.0,1718,1633.846811
10400.0,1449,1752.294459
4000.0,955,1754.967021
17600.0,2026,1760.684862
7200.0,1133,1763.71584
4000.0,1265,1767.032157
16800.0,1960,1772.149752
2400.0,715,1891.05868
17600.0,2112,1900.968988
11200.0,1276,1906.124024
7200.0,1382,1911.339486
12000.0,1588,1917.234578
6400.0,1181,1921.619058
5600.0,1054,2036.070257
17600.0,2145,2042.046772
7200.0,1534,2046.25797
3200.0,1423,2050.210117
17600.0,2339,2056.871839
12000.0,1874,2186.384891
15200.0,2113,2193.060548
10400.0,1474,2197.513595
19200.0,2387,2204.390101
5600.0,1420,2322.359584
17600.0,2155,2328.242205
5600.0,1717,2333.665806
17600.0,1689,2338.225106
10400.0,1423,2342.021861
8800.0,1378,2345.895621
15200.0,2103,2463.872777
6400.0,911,2466.607
8800.0,1212,2470.163141
17600.0,2252,2476.99907
9600.0,1325,2481.239143
3200.0,1322,2605.711651
8800.0,1364,2609.60589
11200.0,1634,2614.119934
18400.0,2197,2620.893178
4000.0,1245,2625.692635
11200.0,1845,2741.409309
8800.0,1099,2744.581072
2400.0,1190,2747.932262
17600.0,2415,2755.467962
9600.0,1656,2760.17107
12000.0,1492,2764.289223
4000.0,940,2885.238122
10400.0,1511,2889.473561
9600.0,1459,2893.591793
16800.0,2178,2899.81784
8800.0,1358,2903.575843
4800.0,1202,2906.8257
5600.0,1331,3020.603707
7200.0,1392,3024.839631
11200.0,1879,3031.386358
5600.0,1107,3034.765677
18400.0,1900,3040.778834
5600.0,1584,3172.777066
8000.0,1348,3178.196567
5600.0,1052,3181.51559
8000.0,1529,3185.885482
6400.0,2100,3191.976379
6400.0,1363,3195.812201
8800.0,1539,3313.433525
12000.0,2017,3318.554584
11200.0,1114,3321.341559
17600.0,1780,3325.916234
16800.0,1884,3330.765965
17600.0,2128,3439.559423
9600.0,1442,3443.24341
17600.0,1831,3448.152995
5600.0,1056,3451.038816
8800.0,1493,3455.217055
12000.0,1534,3459.903281
17600.0,2193,3597.769121
16000.0,2147,3603.460831
12000.0,1333,3606.858453
12000.0,1490,3611.077025
16800.0,1790,3727.520666
17600.0,1986,3733.095653
17600.0,1886,3738.522233
2400.0,751,3740.549352
4800.0,816,3742.748982
5600.0,931,3745.27672
12000.0,1427,3749.303614
17600.0,1755,3862.867962
16800.0,2087,3868.261776
5600.0,1023,3870.814281
2400.0,939,3873.177848
12000.0,1519,3876.954787
3200.0,1241,3880.108338
8800.0,1426,3982.3144
4000.0,1132,3985.114822
17600.0,1877,3989.926879
8800.0,1354,3993.310338
17600.0,2305,3999.540495
17600.0,1653,4125.916325
17600.0,2119,4132.91379
19200.0,1874,4139.463871
17600.0,1684,4144.954975
5600.0,996,4148.210741
8800.0,1641,4258.200313
7200.0,851,4260.474898
12000.0,1478,4265.799889
7200.0,1279,4270.514134
7200.0,1765,4275.495847
16800.0,1767,4280.262135
11200.0,1662,4407.703572
8000.0,1847,4412.530612
11200.0,1430,4416.157574
17600.0,2099,4421.83515
5600.0,1502,4425.839337
8000.0,1058,4428.495911
5600.0,1358,4534.88822
12000.0,1677,4539.777487
8800.0,1535,4544.167802
8000.0,1567,4548.559401
17600.0,2013,4554.218081
16800.0,2187,4678.953775
16000.0,1880,4684.283979
17600.0,1801,4689.146597
17600.0,2244,4695.035993
7200.0,1343,4833.93351
8800.0,1291,4838.062177
12000.0,2066,4844.902734
5600.0,1642,4849.551768
8000.0,1194,4853.172778
5600.0,1365,4858.038854
16800.0,1803,4991.01338
17600.0,2162,5001.228636
17600.0,2565,5011.563667
17600.0,1927,5020.405187
12000.0,1770,5163.29048
4000.0,1098,5166.411061
4800.0,868,5169.09835
9600.0,1137,5172.078393
6400.0,1428,5176.260991
3200.0,1492,5180.55926
7200.0,1486,5184.643595
4000.0,1131,5296.965095
16800.0,2214,5303.237676
16800.0,2406,5309.515051
17600.0,2168,5315.15573
8800.0,1135,5431.1369
12000.0,1691,5435.632128
16800.0,2058,5441.087495
9600.0,1209,5444.296656
5600.0,1363,5448.046547
12000.0,1557,5452.164276
6400.0,1301,5560.260544
6400.0,880,5562.677515
17600.0,1984,5569.471425
8800.0,1206,5572.552876
8800.0,1293,5576.1467
10400.0,1510,5580.532343
17600.0,1850,5697.656429
5600.0,1641,5702.073834
4800.0,907,5704.424797
5600.0,1204,5707.58672
6400.0,1170,5710.651064
7200.0,1210,5713.808554
12000.0,1638,5827.130091
8000.0,1317,5831.27285
17600.0,2582,5841.802746
7200.0,1204,5845.338367
8800.0,980,5848.245527
4000.0,1093,5851.238866
8000.0,961,5853.717907
7200.0,1444,5984.14009
7200.0,1626,5988.779829
4000.0,1120,5992.117439
17600.0,1842,5998.478559
10400.0,1638,6005.091707
16800.0,1991,6128.0393
12000.0,1199,6131.333678
8800.0,1813,6136.28539
8000.0,1422,6140.051767
2400.0,899,6142.381929
800.0,701,6144.696006
4800.0,1129,6147.657335
8800.0,1334,6261.128631
8800.0,1375,6268.499058
4800.0,981,6275.283103
2400.0,1558,6283.260808
16800.0,2125,6290.957457
17600.0,1568,6298.089557
11200.0,1358,6465.956286
13600.0,2183,6473.255823
17600.0,1918,6480.283902
11200.0,1463,6485.816316
3200.0,976,6490.480966
8000.0,1071,6618.72784
5600.0,1696,6623.284383
6400.0,1200,6626.349676
2400.0,834,6628.592713
11200.0,1369,6632.547369
7200.0,1307,6636.249334
4000.0,1359,6640.19121
4000.0,995,6761.492679
16000.0,2029,6767.277383
15200.0,2089,6773.282297
16800.0,1929,6778.668712
17600.0,1672,6783.448547
16800.0,1959,6907.794906
12800.0,1715,6913.817519
6400.0,986,6917.202467
8800.0,1120,6921.110734
8800.0,1381,6925.951644
10400.0,1648,6931.905356
3200.0,1273,7064.141746
17600.0,1564,7068.759375
6400.0,844,7071.094887
9600.0,1055,7074.220425
9600.0,1672,7079.125857
10400.0,1160,7082.626759
4000.0,1262,7086.433038
8000.0,1580,7197.334766
17600.0,2178,7203.655787
12000.0,1694,7208.617932
11200.0,1979,7214.788661
15200.0,1760,7329.230258
12000.0,1734,7333.864743
9600.0,1485,7338.825046
5600.0,1143,7341.808714
12000.0,1567,7346.209303
9600.0,1136,7349.265112
1600.0,912,7351.734605
3200.0,821,7466.302116
17600.0,2454,7472.927774
15200.0,2003,7478.863107
5600.0,886,7481.29835
17600.0,1890,7486.685263
7200.0,1165,7602.747756
16800.0,1986,7608.465472
6400.0,1221,7612.001019
10400.0,1562,7616.345098
6400.0,832,7618.564763
12000.0,1624,7623.461263
7200.0,1283,7735.736124
17600.0,1709,7742.583045
3200.0,1340,7747.714104
11200.0,1807,7754.54959
17600.0,2119,7762.479988
8000.0,1370,7901.625012
17600.0,1871,7909.071093
5600.0,890,7911.651103
9600.0,1192,7915.913073
3200.0,1127,7921.764922
10400.0,1866,7928.561275
8800.0,1795,8039.043054
11200.0,1362,8042.526399
12000.0,1416,8046.128057
7200.0,1021,8048.665635
3200.0,1263,8051.816512
7200.0,1292,8055.077674
7200.0,1440,8058.69607
8000.0,1493,8161.632408
8800.0,1388,8165.153985
12000.0,1455,8168.850402
17600.0,1726,8173.218184
8800.0,1240,8176.381499
4000.0,1149,8179.210816
17600.0,1889,8283.092224
2400.0,837,8285.196934
6400.0,1128,8288.345063
16800.0,2401,8298.477894
11200.0,1448,8303.117007
4000.0,1231,8307.08746
9600.0,1872,8438.086668
5600.0,1019,8440.741782
7200.0,1284,8444.199399
4000.0,1486,8448.23233
17600.0,1960,8453.624066
8800.0,952,8456.120597
17600.0,1960,8582.80224
10400.0,1650,8588.188925
12000.0,1425,8593.153383
16000.0,1965,8599.10731
17600.0,2058,8604.890815
6400.0,1268,8721.321019
4800.0,1129,8724.43758
5600.0,1567,8729.331434
10400.0,1139,8732.726115
17600.0,1911,8738.466071
17600.0,1838,8862.710613
16800.0,1899,8869.067989
10400.0,1278,8872.410115
11200.0,1581,8876.472792
8800.0,1100,8879.287151
20800.0,2473,8886.460487
11200.0,1662,9010.716371
4000.0,1213,9013.935368
17600.0,1858,9019.581686
16800.0,2103,9025.479504
4800.0,1368,9029.691867
12800.0,1453,9147.179469
10400.0,1559,9151.567046
10400.0,1312,9154.990672
4000.0,1358,9158.798866
5600.0,1467,9162.582325
17600.0,1735,9168.043888
3200.0,1254,9280.125501
10400.0,1858,9284.971238
17600.0,2027,9290.528028
11200.0,1758,9295.965081
800.0,695,9297.784085
3200.0,969,9300.654663
6400.0,1289,9414.919881
11200.0,1690,9420.08157
17600.0,1935,9426.673395
5600.0,1404,9431.05857
5600.0,1193,9434.439341
17600.0,1988,9551.042387
9600.0,1841,9556.30309
9600.0,1075,9559.369757
5600.0,1493,9564.528509
7200.0,1249,9568.566753
16800.0,1547,9572.893174
11200.0,1553,9692.123073
16800.0,1777,9697.761283
7200.0,1336,9703.169058
9600.0,1199,9708.526405
4000.0,1253,9713.04896
17600.0,2300,9839.542028
9600.0,1662,9845.827528
17600.0,1973,9851.978077
5600.0,1300,9855.793499
17600.0,1703,9860.777624
12000.0,1641,9866.010117
3200.0,1099,9984.63688
16800.0,2388,9991.3619
16800.0,2187,9997.949161
5600.0,1599,10002.336077
17600.0,1865,10126.584868
3200.0,967,10129.251687
16000.0,2105,10136.113838
18400.0,2575,10145.474752
4000.0,1107,10149.502088
5600.0,1038,10152.818488
5600.0,1372,10298.844233
7200.0,1039,10302.534272
11200.0,1288,10305.915938
17600.0,1950,10311.134252
21600.0,2461,10319.151784
16000.0,1830,10436.10581
12000.0,1296,10439.468187
4000.0,1357,10443.034348
4000.0,840,10445.160945
17600.0,2282,10451.167168
5600.0,1137,10454.099933
11200.0,1592,10554.65663
12000.0,2012,10559.993149
10400.0,1662,10564.334281
12000.0,1537,10568.294498
17600.0,1853,10573.089624
11200.0,1516,10675.339437
5600.0,773,10677.279836
10400.0,1210,10680.444286
16000.0,2020,10685.635462
16800.0,2024,10690.977952
10400.0,2004,10796.494985
4800.0,1755,10801.09686
3200.0,1155,10804.063312
14400.0,2484,10810.623478
5600.0,1421,10814.334597
4000.0,1071,10817.068831
17600.0,1824,10918.902287
17600.0,2277,10924.914493
8800.0,1126,10927.723496
8000.0,1131,10930.640023
17600.0,1785,10935.352503
17600.0,1895,11040.429172
5600.0,1003,11043.097458
4000.0,1292,11046.412519
10400.0,1585,11050.527961
5600.0,1842,11055.409494
8000.0,1645,11159.867279
16800.0,2117,11165.414564
4000.0,1483,11169.251124
16800.0,1593,11173.345228
8800.0,987,11175.801588
7200.0,1391,11179.410593
17600.0,1852,11280.328541
17600.0,1772,11284.948852
17600.0,1904,11289.910739
4000.0,835,11292.0403
10400.0,1567,11296.159536
17600.0,1646,11398.972353
8800.0,1584,11403.120354
17600.0,2117,11408.680841
19200.0,2247,11414.516193
17600.0,1703,11418.961942
17600.0,2114,11523.62922
12000.0,1426,11527.305047
10400.0,1261,11530.573916
10400.0,1412,11534.228843
17600.0,1773,11538.860728
16800.0,1975,11641.50808
9600.0,1129,11644.34973
12000.0,1888,11649.16846
10400.0,1230,11652.220395
4000.0,1052,11654.886855
10400.0,983,11657.327604
7200.0,1258,11660.530337
6400.0,1062,11761.507161
5600.0,1652,11765.713465
12000.0,1625,11769.832138
4800.0,1282,11773.110267
7200.0,1428,11776.674956
9600.0,988,11779.12732
11200.0,1638,11879.098948
12000.0,1710,11883.582969
4000.0,937,11885.915089
11200.0,1537,11889.773044
5600.0,1269,11892.930986
9600.0,1829,11897.576761
10400.0,1676,11999.851853
18400.0,2101,12005.19865
16000.0,2630,12011.929778
4800.0,1105,12014.677249
17600.0,1873,12117.022261
15200.0,1872,12121.795216
8800.0,1480,12125.576187
16800.0,2264,12131.341904
4800.0,1401,12134.880751
5600.0,1412,12237.478305
3200.0,1414,12241.105784
16800.0,1661,12245.429162
5600.0,1271,12248.690932
17600.0,1994,12253.810257
4000.0,849,12255.928282
4000.0,1244,12259.081375
4000.0,1625,12362.231917
17600.0,2448,12368.625651
17600.0,1881,12373.542078
4000.0,971,12375.987537
16800.0,2213,12480.444123
5600.0,1430,12484.150431
11200.0,1861,12489.028893
4000.0,1193,12492.08091
4000.0,996,12494.598161
11200.0,1594,12498.742173
8000.0,1416,12600.547943
16800.0,1803,12605.216117
4000.0,859,12607.371613
7200.0,1155,12610.324894
17600.0,2038,12615.700803
11200.0,1711,12620.157607
12800.0,1936,12721.277537
8000.0,962,12723.703621
4000.0,1088,12726.512723
9600.0,2228,12732.364466
7200.0,1266,12738.178662
10400.0,1663,12743.051969
17600.0,2110,12849.281494
16800.0,1709,12853.742764
17600.0,1984,12858.95707
5600.0,1130,12861.848046
11200.0,1655,12866.212304
16800.0,2205,12970.457996
10400.0,1797,12975.141118
10400.0,1522,12979.106481
4800.0,1305,12982.439016
12000.0,1273,12985.657147
15200.0,1676,13085.95834
7200.0,983,13088.520975
5600.0,1372,13092.025389
9600.0,1054,13094.770206
11200.0,1769,13099.457397
16000.0,2295,13205.782391
8800.0,1393,13209.388342
10400.0,1215,13212.520245
17600.0,1987,13217.772066
6400.0,1183,13220.801234
17600.0,2248,13226.654308
9600.0,1641,13330.739669
8000.0,1417,13334.358017
11200.0,1464,13338.156711
3200.0,1360,13341.661882
17600.0,1984,13346.984044
17600.0,1842,13447.730069
12000.0,1375,13451.247953
17600.0,1960,13456.270389
8800.0,1273,13459.433592
5600.0,1467,13463.140539
3200.0,1171,13466.089617
7200.0,1807,13567.143289
17600.0,1863,13571.804203
5600.0,1061,13574.433996
12000.0,1371,13577.899266
17600.0,2386,13583.968987
12000.0,1422,13683.990905
7200.0,1062,13686.682755
11200.0,1779,13691.21686
12000.0,2100,13696.639318
12000.0,1652,13700.849875
17600.0,2042,13800.524569
8000.0,1361,13803.877528
17600.0,1737,13808.303824
17600.0,1918,13813.447846
9600.0,978,13815.848302
10400.0,1353,13819.287612
6400.0,1059,13923.163669
7200.0,1016,13925.693559
8800.0,1901,13930.522619
3200.0,1355,13934.457651
17600.0,1844,13939.311817
17600.0,2206,14043.206359
7200.0,1337,14046.565192
5600.0,1151,14049.413979
11200.0,1520,14053.237325
17600.0,2155,14058.778874
5600.0,1398,14062.300578
2400.0,1014,14159.593799
11200.0,1198,14162.5963
5600.0,883,14164.763706
12000.0,1593,14168.801683
8800.0,1463,14172.480994
4000.0,1577,14176.429527
11200.0,1556,14296.35079
3200.0,950,14298.816251
16800.0,1978,14304.817742
8000.0,1214,14308.156873
16800.0,2206,14313.992081
17600.0,1546,14318.163587
17600.0,1935,14432.929681
11200.0,1635,14437.143349
16800.0,2039,14442.43457
3200.0,1067,14445.176126
17600.0,1872,14450.06148
15200.0,1989,14552.439487
17600.0,1687,14556.752323
17600.0,1891,14561.798189
16000.0,2353,14567.982113
5600.0,829,14570.061518
17600.0,1953,14674.56686
16000.0,1736,14679.065142
15200.0,2086,14684.73524
5600.0,1009,14687.37276
17600.0,1868,14692.663197
17600.0,2023,14807.445396
12000.0,1474,14814.449914
5600.0,1133,14819.063611
4800.0,803,14821.539108
4000.0,842,14824.75894
12000.0,1208,14828.33381
16800.0,1887,14940.789288
12000.0,1965,14948.545756
3200.0,1204,14952.125268
17600.0,2111,14957.772995
7200.0,1316,14961.736682
17600.0,1878,15075.920463
5600.0,1366,15079.363238
10400.0,1449,15083.025286
10400.0,1443,15086.69373
7200.0,1209,15089.726478
11200.0,1229,15092.867136
8000.0,1139,15095.735681
17600.0,1966,15232.586488
12000.0,1538,15238.623793
17600.0,1892,15244.287529
2400.0,1471,15249.44304
8800.0,1422,15253.381502
17600.0,2300,15383.815549
9600.0,1357,15387.261571
16800.0,1800,15391.859071
12000.0,1683,15396.145461
8800.0,1830,15400.814399
12000.0,1451,15503.35147
11200.0,1321,15506.67986
17600.0,1762,15511.1908
17600.0,1858,15515.941837
17600.0,2011,15521.074168
7200.0,1283,15630.23188
9600.0,1244,15633.386512
6400.0,1233,15636.505857
17600.0,1947,15641.442895
8800.0,1228,15644.518423
16800.0,1826,15649.161225
17600.0,1800,15749.027206
11200.0,1640,15753.195452
17600.0,1819,15757.828802
17600.0,2218,15763.491839
16800.0,2151,15865.110272
12000.0,2098,15870.625275
10400.0,1669,15874.872128
16800.0,2321,15880.854515
5600.0,1519,15884.711131
5600.0,1378,15984.666423
17600.0,1867,15989.404998
9600.0,1586,15993.396631
9600.0,1413,15996.95048
15200.0,2006,16002.045764
3200.0,985,16098.494395
10400.0,1418,16102.082518
17600.0,1802,16106.674835
8800.0,1362,16110.149318
9600.0,1270,16113.313098
15200.0,2050,16118.553099
19200.0,2017,16220.217526
17600.0,1880,16224.985085
16000.0,2093,16230.356612
17600.0,1703,16234.672429
8800.0,1476,16335.539554
16800.0,1960,16340.567145
17600.0,1939,16345.529688
17600.0,1646,16349.643
11200.0,1234,16352.782742
17600.0,2216,16453.101376
10400.0,1366,16456.674776
11200.0,1373,16460.202377
16000.0,1699,16464.524428
17600.0,1657,16468.691345
16800.0,1936,16571.06542
11200.0,1495,16574.846673
7200.0,1201,16577.838576
12000.0,1709,16582.243051
17600.0,2512,16588.73563
4000.0,1237,16689.375343
16800.0,2186,16695.001966
19200.0,1905,16699.850676
17600.0,1945,16704.764103
17600.0,1868,16709.490143
5600.0,1255,16808.366193
8800.0,1562,16812.346969
16000.0,1982,16817.491792
11200.0,1589,16821.578119
5600.0,1129,16824.431121
5600.0,798,16826.358159
17600.0,2043,16927.737205
17600.0,1766,16932.208211
11200.0,1825,16936.894111
5600.0,1003,16939.381522
8800.0,1022,16941.986899
17600.0,1884,17042.897994
17600.0,1854,17047.593744
6400.0,1127,17050.385024
8000.0,1494,17054.149138
10400.0,1177,17057.100648
11200.0,1851,17061.905434
16800.0,1813,17160.853646
1600.0,799,17162.800036
10400.0,1662,17167.065881
17600.0,1928,17172.017846
4000.0,1656,17176.300392
7200.0,1189,17179.289353
15200.0,2046,17280.73941
17600.0,1705,17285.097608
4800.0,993,17287.517444
11200.0,1880,17292.303544
5600.0,833,17294.312076
11200.0,1799,17402.102367
11200.0,1403,17405.824482
4800.0,1517,17409.652396
17600.0,1899,17414.484101
11200.0,1533,17418.372329
5600.0,1291,17421.598837
8800.0,1220,17518.737061
5600.0,1178,17521.698153
8800.0,2171,17527.280859
8000.0,981,17529.716714
16800.0,2217,17535.380704
16800.0,1986,17636.068888
7200.0,1291,17639.281586
9600.0,1295,17642.511969
10400.0,1662,17646.740075
12000.0,1977,17651.817105
4000.0,695,17653.540189
11200.0,1684,17753.34955
17600.0,1634,17757.451591
11200.0,1281,17760.693021
5600.0,1259,17763.769857
17600.0,2059,17769.058463
11200.0,1347,17772.473484
4800.0,1022,17868.73471
11200.0,1813,17873.016601
16800.0,1639,17877.152652
4000.0,854,17879.247154
9600.0,1410,17882.818706
9600.0,1778,17887.303183
16000.0,2223,17988.337757
5600.0,1419,17991.938381
17600.0,1867,17996.638813
4800.0,862,17998.720443
9600.0,1671,18002.932534
8800.0,1337,18101.909821
7200.0,1175,18104.865885
16800.0,2017,18110.055733
7200.0,1188,18112.981238
12000.0,1464,18116.679092
8800.0,1447,18120.424944
8000.0,1156,18217.081418
17600.0,2098,18222.417237
5600.0,771,18224.263805
19200.0,1992,18229.318159
11200.0,1336,18232.679002
5600.0,1012,18235.199473
10400.0,1413,18334.601173
9600.0,1273,18337.828576
16000.0,1631,18341.950761
10400.0,1514,18345.76187
2400.0,1118,18348.568881
8800.0,933,18350.847111
17600.0,1892,18355.690021
4800.0,1137,18454.443639
17600.0,2386,18460.529047
16800.0,1946,18465.452315
5600.0,1717,18469.835241
17600.0,1866,18568.562407
9600.0,1773,18573.092588
7200.0,912,18575.331746
17600.0,1545,18579.263839
5600.0,1468,18582.962857
9600.0,1483,18586.657208
9600.0,1209,18685.47137
3200.0,1146,18688.327952
17600.0,2180,18693.854723
16800.0,1703,18698.196364
16800.0,1865,18703.052846
16800.0,1752,18803.731669
6400.0,921,18806.005559
5600.0,1270,18809.176469
17600.0,1952,18814.101178
11200.0,1632,18818.219646
5600.0,1316,18821.445161
5600.0,1118,18824.230655
17600.0,1742,18922.708094
4800.0,1012,18925.255541
4000.0,1022,18927.835472
3200.0,1599,18931.925175
7200.0,966,18934.334792
17600.0,1853,18939.000757
7200.0,944,19037.250295
8000.0,1520,19041.051641
16800.0,2109,19046.415689
10400.0,1259,19049.566545
6400.0,1057,19052.160288
5600.0,1129,19054.970462
11200.0,1133,19057.859769
17600.0,2228,19159.880456
16000.0,2142,19165.392635
10400.0,1074,19168.028386
2400.0,903,19170.250197
18400.0,2002,19175.286697
10400.0,1505,19274.190659
17600.0,2009,19279.271095
17600.0,2203,19285.013864
8800.0,1511,19288.828075
17600.0,1881,19388.985254
17600.0,1949,19393.943315
6400.0,1141,19396.761596
17600.0,1916,19401.609218
4800.0,1563,19405.580437
18400.0,1853,19505.984637
16800.0,1979,19511.061144
9600.0,1509,19514.850703
8800.0,1491,19518.673078
17600.0,1940,19523.602252
7200.0,1329,19526.96762
16000.0,2033,19625.880428
11200.0,1706,19630.192449
5600.0,1094,19632.938871
6400.0,1580,19636.94666
6400.0,1026,19639.499406
17600.0,2173,19740.493279
10400.0,1638,19744.693687
6400.0,844,19746.744976
9600.0,1687,19751.031912
7200.0,1163,19753.904301
4000.0,837,19755.907123
12000.0,1591,19855.703054
11200.0,1477,19859.445317
17600.0,1448,19863.09578
3200.0,1298,19866.44433
6400.0,1340,19869.769481
4800.0,1199,19872.729272
7200.0,1054,19875.377826
4000.0,1060,19971.893628
12000.0,1455,19975.551025
10400.0,1616,19979.633428
11200.0,1235,19982.778415
7200.0,1007,19985.247858
16000.0,1972,19990.299865
16800.0,1947,20090.753981
10400.0,1745,20095.17038
10400.0,1568,20099.210737
5600.0,2052,20104.598664
5600.0,1039,20107.178463
17600.0,1825,20207.760407
10400.0,1352,20211.165139
16000.0,2288,20216.993355
16800.0,2176,20222.556885
18400.0,1894,20227.3589
5600.0,1658,20325.49727
17600.0,2148,20330.920089
17600.0,2261,20336.643465
10400.0,2010,20341.816983
2400.0,1190,20440.843892
16800.0,2266,20446.807132
5600.0,990,20449.254722
2400.0,896,20451.449852
17600.0,2047,20456.667955
10400.0,1569,20460.626046
11200.0,1501,20560.314232
12000.0,1330,20563.610988
17600.0,1828,20568.282399
16800.0,1694,20572.509952
16800.0,2121,20577.947611
7200.0,921,20674.00968
17600.0,1684,20678.274394
17600.0,1562,20682.172815
2400.0,912,20684.403391
12000.0,1114,20687.164624
12000.0,1360,20690.568275
16800.0,2125,20791.676443
17600.0,1817,20796.287038
4000.0,1092,20799.008003
17600.0,2297,20804.954111
8800.0,1006,20807.450701
2400.0,1254,20810.637946
10400.0,1198,20910.058546
4000.0,1327,20915.244069
2400.0,972,20918.315868
17600.0,2121,20923.995373
16800.0,2047,20929.392586
9600.0,1434,21028.425295
17600.0,1981,21033.757427
5600.0,1083,21036.409802
7200.0,1168,21039.365711
5600.0,934,21041.654638
17600.0,2057,21046.876551
8000.0,1127,21049.666163
12000.0,1489,21149.119887
17600.0,2087,21154.437607
10400.0,1332,21157.769255
16800.0,2146,21163.254856
10400.0,1487,21167.041879
6400.0,993,21265.183147
17600.0,2346,21271.19858
7200.0,1410,21274.732692
17600.0,1875,21279.533933
17600.0,2187,21378.874047
16800.0,1881,21383.681173
17600.0,2591,21390.324523
16800.0,2465,21396.617508
17600.0,1935,21497.117509
16800.0,1964,21502.124974
11200.0,1137,21504.942817
11200.0,1348,21508.305642
16800.0,1870,21512.999894
4000.0,1193,21515.947611
4800.0,760,21613.489424
10400.0,1501,21617.41757
5600.0,1817,21621.971189
4800.0,1169,21624.86073
4000.0,912,21627.100182
9600.0,1490,21630.912766
10400.0,1650,21728.787629
17600.0,1937,21733.746947
16800.0,1991,21738.822169
17600.0,1861,21743.562878
7200.0,1521,21747.436792
6400.0,1130,21845.856152
12000.0,2023,21850.98386
16000.0,1898,21855.769356
5600.0,1115,21858.56882
4000.0,990,21861.000236
4000.0,1236,21864.066925
6400.0,843,21866.14568
17600.0,1978,21967.192933
17600.0,1700,21971.537547
5600.0,1356,21974.964557
14400.0,1796,21979.508288
7200.0,1313,21982.772294
4800.0,1425,22080.275531
5600.0,909,22082.503404
7200.0,1184,22085.430382
16000.0,2235,22091.145953
2400.0,904,22093.382264
16800.0,2049,22098.718137
17600.0,1687,22198.816817
7200.0,1298,22202.058457
5600.0,1030,22204.622458
12000.0,1488,22208.43548
17600.0,1913,22213.264231
17600.0,1979,22314.046559
12000.0,1736,22318.425843
9600.0,1371,22321.901021
8800.0,1440,22325.48244
17600.0,2158,22330.963741
12000.0,1423,22334.568261
16800.0,1847,22433.282787
9600.0,1406,22436.813671
4000.0,1101,22439.530945
17600.0,2228,22445.22183
16800.0,1892,22450.000234
8800.0,969,22547.962163
11200.0,1324,22551.253508
17600.0,1664,22555.505607
8000.0,1200,22558.508438
10400.0,1713,22562.833709
1600.0,293,22563.466094
11200.0,1923,22568.435796
8800.0,1322,22667.415823
17600.0,2265,22673.163997
8000.0,1030,22675.768105
16800.0,1933,22680.706194
4000.0,806,22682.907365
16000.0,1885,22781.828721
17600.0,1900,22786.64179
17600.0,1678,22790.859438
9600.0,1198,22793.883172
17600.0,2249,22799.64608
19200.0,2033,22900.903073
16000.0,3193,22909.180861
5600.0,1287,22912.355455
8800.0,1263,22915.526797
5600.0,841,22917.597829
11200.0,1569,23018.351547
16800.0,1997,23023.479262
17600.0,1987,23028.514108
6400.0,1144,23031.462551
6400.0,1429,23035.127947
16800.0,1895,23134.386686
16800.0,2476,23140.691566
17600.0,1847,23145.419744
6400.0,1152,23148.34138
8800.0,1347,23151.72107
16800.0,2416,23253.934945
16800.0,1927,23258.827371
4800.0,1062,23261.43615
16000.0,1943,23266.457134
17600.0,2064,23271.706215
16800.0,1975,23372.940424
12000.0,1468,23376.608959
11200.0,1777,23381.06389
11200.0,1110,23383.811485
4800.0,1448,23387.535694
12000.0,1591,23485.85771
5600.0,1085,23488.580052
9600.0,1133,23491.402056
11200.0,1384,23494.877252
16000.0,1738,23499.263053
17600.0,1685,23503.508906
16800.0,1647,23601.935128
17600.0,1928,23606.885831
16800.0,1798,23611.431173
4000.0,1048,23614.02163
10400.0,1176,23616.946375
8800.0,1238,23620.024278
16800.0,1882,23721.080301
7200.0,924,23723.491934
17600.0,2381,23729.575609
9600.0,1072,23732.251431
5600.0,993,23734.702325
16800.0,1958,23739.679166
17600.0,1729,23838.466141
8800.0,1141,23841.289455
6400.0,1424,23844.906837
17600.0,1799,23849.615992
11200.0,1688,23853.895182
9600.0,1410,23951.755366
17600.0,1827,23956.400224
10400.0,1441,23960.096336
12000.0,1852,23964.809777
12000.0,1623,23968.960759
16000.0,2097,24070.414245
12800.0,1741,24074.79497
17600.0,1801,24079.388571
8800.0,1553,24083.318984
17600.0,2154,24088.811613
17600.0,2081,24190.194903
12800.0,1272,24193.348005
1600.0,840,24195.424143
10400.0,1217,24198.492441
17600.0,1809,24203.063216
12000.0,1531,24206.874194
17600.0,1725,24307.44813
4800.0,1115,24310.218139
16800.0,1987,24315.284576
17600.0,2259,24321.028433
17600.0,2068,24422.151824
12000.0,1622,24426.230576
16800.0,1964,24431.19889
1600.0,610,24432.737908
19200.0,1817,24437.352516
2400.0,1562,24441.316518
6400.0,1272,24544.757613
4800.0,988,24547.200609
11200.0,1489,24550.974119
9600.0,1452,24554.589636
16800.0,2448,24560.880424
6400.0,1486,24564.65156
17600.0,1940,24665.444132
8800.0,1487,24669.188816
16800.0,1896,24673.986146
17600.0,1958,24678.918747
16800.0,1973,24788.099129
17600.0,2228,24793.781581
10400.0,1618,24797.831296
16800.0,2624,24804.59533
12000.0,1286,24807.847544
17600.0,1680,24907.984076
4000.0,1345,24911.381647
4000.0,990,24913.806395
7200.0,1203,24916.792341
12000.0,2020,24921.991958
17600.0,2536,25024.113014
19200.0,2072,25029.516226
17600.0,1476,25033.254505
12000.0,1339,25036.62134
10400.0,1428,25040.208851
4000.0,1143,25043.059941
6400.0,1521,25150.832707
8000.0,1296,25154.112217
16800.0,1947,25159.046816
9600.0,1740,25163.388974
6400.0,1534,25167.263693
17600.0,1883,25267.983271
17600.0,1706,25272.317771
5600.0,1512,25276.09891
17600.0,2104,25281.492818
17600.0,1789,25285.988691
11200.0,1474,25393.845068
3200.0,1093,25396.59253
6400.0,1479,25400.315629
5600.0,1001,25402.776271
16000.0,1741,25407.205919
6400.0,2008,25508.282861
5600.0,817,25510.252446
17600.0,2500,25516.843916
16000.0,1905,25521.745608
17600.0,2309,25527.592636
11200.0,1401,25627.269002
16800.0,1612,25631.359997
16800.0,2143,25636.939718
12000.0,1423,25640.502018
17600.0,1987,25645.538464
8000.0,1156,25752.418469
17600.0,1745,25756.916178
4000.0,1027,25759.632228
8800.0,1208,25762.65502
17600.0,1854,25767.366391
2400.0,914,25769.594032
10400.0,1444,25773.283841
17600.0,2048,25882.473743
11200.0,1518,25886.290627
16800.0,2525,25892.71853
16000.0,1817,25897.312114
800.0,971,26003.640489
17600.0,2030,26008.759955
11200.0,1569,26012.725781
10400.0,1789,26017.293191
12000.0,1409,26020.811624
8000.0,1064,26023.451453
3200.0,832,26129.666471
16800.0,1855,26134.391044
8800.0,1383,26137.832329
17600.0,2076,26143.165684
2400.0,1071,26145.809067
16000.0,1787,26150.319156
19200.0,1894,26251.182786
16800.0,1734,26255.531767
8000.0,1270,26258.733312
17600.0,1734,26263.163938
12000.0,1735,26267.542812
17600.0,2010,26368.977517
17600.0,2439,26375.199328
17600.0,2267,26380.979482
17600.0,1850,26385.695288
18400.0,2056,26496.057359
6400.0,1074,26498.684084
12000.0,1355,26502.095087
17600.0,1778,26506.549099
8000.0,979,26508.923097
7200.0,1527,26512.747661
1600.0,636,26610.297405
16800.0,1888,26615.097925
17600.0,2036,26620.258523
6400.0,1436,26623.816993
5600.0,1290,26627.075802
11200.0,1202,26630.039207
16800.0,2013,26731.132658
12000.0,1406,26734.670666
17600.0,2212,26740.248288
16800.0,2043,26745.447147
7200.0,1244,26851.846357
10400.0,1423,26855.42863
7200.0,1042,26858.006158
16000.0,1793,26862.608012
10400.0,1381,26866.105534
16800.0,2299,26871.958219
12000.0,1714,26980.332341
16800.0,2165,26985.821773
7200.0,972,26988.235971
8800.0,1247,26991.29934
11200.0,1602,26995.366071
16800.0,1999,27096.449165
9600.0,1222,27099.459672
17600.0,2220,27105.180379
11200.0,1341,27108.590948
16800.0,1661,27112.811102
11200.0,1117,27115.600667
17600.0,1894,27216.135233
4000.0,716,27217.888636
9600.0,1480,27221.65717
7200.0,1536,27225.552583
17600.0,1839,27230.196731
16800.0,2173,27340.092301
12000.0,1918,27344.977805
4000.0,927,27347.342293
10400.0,1883,27352.182615
12000.0,1575,27356.170949
11200.0,1782,27456.656522
9600.0,1153,27459.489589
19200.0,1857,27464.231673
17600.0,1921,27469.066032
10400.0,1250,27472.186271
17600.0,1799,27476.756224
11200.0,1123,27583.944485
16800.0,1836,27588.656141
17600.0,1831,27593.292424
7200.0,1500,27597.086241
17600.0,1715,27601.454791
16800.0,1755,27701.536854
9600.0,1529,27705.388244
17600.0,1765,27709.869181
15200.0,2562,27716.425008
4800.0,1361,27719.874305
3200.0,1191,27837.765084
17600.0,1894,27842.522466
12000.0,2115,27847.844959
9600.0,1244,27850.956246
17600.0,1893,27855.776889
8800.0,1441,27974.811047
17600.0,1806,27979.440558
16000.0,1899,27984.303345
17600.0,1941,27989.242783
17600.0,1852,27994.091287
3200.0,1239,28107.115101
3200.0,970,28109.614631
11200.0,1288,28112.971768
4000.0,943,28115.365445
2400.0,948,28117.74218
4000.0,1333,28121.19446
5600.0,1391,28124.756538
8000.0,1136,28247.798266
8000.0,1364,28251.273799
16800.0,1992,28256.422977
12000.0,1476,28260.123597
16000.0,1665,28264.447096
11200.0,1279,28267.739935
11200.0,1372,28380.814235
17600.0,1841,28385.549908
17600.0,1938,28390.531419
4000.0,1133,28393.400452
11200.0,1562,28397.82151
16800.0,2117,28528.120337
17600.0,1883,28533.047364
12000.0,1867,28537.840826
8800.0,1438,28541.509396
17600.0,1809,28546.139328
17600.0,1999,28670.844797
10400.0,1579,28674.931302
7200.0,1413,28678.56866
10400.0,1438,28682.445655
5600.0,991,28684.93817
5600.0,856,28687.143799
16000.0,1860,28799.049737
16000.0,2356,28805.103685
8800.0,1421,28808.677297
5600.0,1312,28811.956675
17600.0,1782,28816.442388
10400.0,1541,28935.671414
17600.0,1775,28940.16716
5600.0,1233,28943.231857
6400.0,1210,28946.296875
4000.0,978,28948.740435
12000.0,1316,28952.085844
12000.0,1307,28955.41362
17600.0,1873,29066.877772
4800.0,1104,29069.586473
7200.0,1414,29073.160229
4000.0,1058,29075.732243
17600.0,1613,29079.808389
7200.0,1095,29082.497657
3200.0,1190,29201.067994
9600.0,1761,29205.52409
10400.0,1280,29208.673807
16800.0,2024,29213.844775
7200.0,1453,29217.505264
9600.0,1382,29220.946925
17600.0,1910,29332.549263
16800.0,2033,29337.6894
8800.0,1295,29341.127452
8800.0,1126,29344.000507
7200.0,1301,29347.287477
19200.0,2007,29459.133185
9600.0,1068,29461.746649
3200.0,1150,29464.60826
11200.0,1201,29467.578898
8000.0,1207,29470.651927
8800.0,1209,29473.686892
17600.0,2133,29594.324685
8800.0,1134,29597.216018
17600.0,1941,29602.066408
17600.0,1962,29607.045148
16800.0,2152,29612.450787
17600.0,2052,29733.186092
17600.0,2092,29738.504077
16800.0,2028,29743.699044
12000.0,1207,29746.725859
16000.0,1916,29751.600066
17600.0,1652,29862.216132
3200.0,900,29864.439238
17600.0,2660,29871.283285
5600.0,1549,29875.225085
16800.0,1938,29995.849379
17600.0,2262,30001.716999
17600.0,1883,30007.008746
4800.0,1179,30009.98795
8000.0,917,30012.275894
17600.0,1906,30017.29977
16800.0,1733,30128.510011
7200.0,1208,30131.511835
9600.0,1273,30134.68999
5600.0,837,30136.690393
12000.0,1753,30141.227996
7200.0,1551,30145.109384
16800.0,1909,30256.587615
10400.0,1573,30260.568816
7200.0,1156,30263.448537
16000.0,1931,30268.283189
11200.0,1290,30271.495929
6400.0,1549,30382.0445
3200.0,970,30384.453278
9600.0,1206,30387.427986
17600.0,2339,30393.377513
7200.0,1343,30396.691922
8800.0,1347,30400.129093
5600.0,1198,30403.102444
17600.0,2382,30523.995191
9600.0,1196,30527.020582
17600.0,1818,30531.594785
6400.0,1430,30535.211479
8800.0,1588,30539.248035
16800.0,2716,30660.962374
16800.0,2065,30666.282822
17600.0,1873,30671.039761
8800.0,1150,30673.916662
9600.0,1235,30783.740695
7200.0,998,30786.206877
12000.0,1673,30790.429578
16800.0,2036,30795.577561
4000.0,1902,30800.40133
8800.0,1464,30804.103637
7200.0,988,30913.700364
12000.0,1485,30917.462264
16800.0,2134,30922.871462
16800.0,1811,30927.496975
7200.0,1453,30931.192609
17600.0,2029,31043.164095
16800.0,1662,31047.397727
5600.0,1116,31050.142509
16800.0,2046,31055.379913
3200.0,1347,31058.830657
3200.0,953,31061.133616
15200.0,1932,31173.045381
4000.0,1050,31175.654771
18400.0,1863,31180.386835
6400.0,1567,31184.359978
17600.0,1771,31188.796522
17600.0,1809,31300.38571
17600.0,1641,31304.631146
17600.0,1858,31309.329327
10400.0,1292,31312.585426
17600.0,1673,31316.82067
6400.0,1237,31426.545556
17600.0,1761,31431.043423
4800.0,1117,31433.803113
12000.0,1307,31437.035979
16000.0,1945,31441.959677
16000.0,2119,31447.379496
16800.0,2287,31559.861701
7200.0,1259,31563.044883
17600.0,1635,31567.236574
5600.0,1013,31569.725729
6400.0,1148,31572.559754
9600.0,1461,31691.879879
8800.0,1368,31695.339683
10400.0,1476,31699.072954
8800.0,1015,31701.587857
17600.0,2350,31707.614278
12000.0,1781,31712.164659
4000.0,1165,31832.734333
4800.0,982,31835.155391
5600.0,993,31837.581281
17600.0,1931,31842.459258
16800.0,1546,31846.378784
2400.0,1475,31850.011159
8000.0,991,31852.471383
10400.0,1239,31962.540582
12000.0,1596,31966.565923
5600.0,836,31968.580962
17600.0,1901,31973.384347
6400.0,1102,31976.103482
5600.0,816,31978.074419
10400.0,1171,31980.935018
17600.0,1833,32092.381816
9600.0,1519,32096.210026
5600.0,1321,32099.519028
16000.0,2278,32105.346075
16000.0,2143,32225.954268
17600.0,2040,32231.154085
4000.0,885,32233.280115
4000.0,1164,32236.294379
6400.0,1347,32239.6625
16800.0,1695,32243.975384
17600.0,2157,32364.769473
17600.0,1947,32369.740367
17600.0,2076,32374.988804
8800.0,1359,32378.387768
8000.0,1189,32381.352417
3200.0,1235,32499.972296
6400.0,1121,32502.737251
17600.0,1776,32507.254544
16800.0,1790,32511.851735
16800.0,1721,32516.240092
7200.0,1422,32519.956482
17600.0,1942,32639.962624
5600.0,1131,32642.817515
4000.0,1122,32645.612758
8800.0,1645,32649.794843
8000.0,1137,32652.686529
8000.0,1155,32655.559945
17600.0,2335,32768.661154
5600.0,953,32770.959294
8800.0,1093,32773.663324
4000.0,1355,32777.123971
17600.0,1944,32782.018177
5600.0,1422,32785.566098
18400.0,2441,32906.965679
17600.0,1654,32911.168471
17600.0,2485,32917.527056
16800.0,2088,32922.849943
5600.0,1062,33041.091014
8000.0,977,33043.532865
3200.0,858,33045.659386
8800.0,1507,33049.462032
16800.0,1749,33053.933948
7200.0,1089,33056.674478
17600.0,2454,33177.889405
12000.0,1878,33182.66174
16800.0,1717,33187.031709
4000.0,1155,33189.880213
3200.0,788,33191.832585
7200.0,1060,33194.566285
17600.0,2367,33315.688829
10400.0,1489,33319.46194
9600.0,1849,33324.181547
17600.0,1862,33328.917718
7200.0,1066,33331.582057
6400.0,1296,33441.814708
1600.0,615,33443.305931
10400.0,1711,33447.608625
16800.0,1813,33452.179181
10400.0,1375,33455.623678
16800.0,1915,33460.502635
18400.0,1728,33580.220534
12000.0,1211,33583.216823
7200.0,984,33585.662571
11200.0,1525,33589.529884
16000.0,1851,33594.289843
18400.0,1885,33599.098617
16000.0,1998,33719.461533
14400.0,1620,33723.636844
17600.0,1942,33728.582788
16000.0,1792,33733.131723
17600.0,2028,33853.398366
7200.0,1148,33856.254583
4800.0,839,33858.386454
16800.0,2382,33864.441622
4000.0,1318,33867.921962
7200.0,977,33870.338908
16800.0,1874,33990.821783
8800.0,999,33993.350563
16000.0,2294,33999.221189
4000.0,1034,34001.785056
17600.0,2221,34007.511325
18400.0,2223,34128.505616
17600.0,1683,34132.859492
10400.0,1489,34136.606615
17600.0,1699,34140.956718
16000.0,1833,34145.526153
17600.0,1696,34256.560183
6400.0,1205,34259.511016
9600.0,1526,34263.371802
9600.0,1347,34266.772272
11200.0,1568,34270.789699
16800.0,1972,34275.774164
17600.0,1973,34395.265882
11200.0,1512,34399.100766
17600.0,2035,34404.26832
9600.0,1277,34407.520039
4000.0,984,34409.946314
8000.0,1225,34519.940983
4000.0,1091,34522.713846
10400.0,1762,34527.233126
8000.0,1233,34530.312155
17600.0,1810,34534.967
16800.0,2223,34540.635538
0.0,738,34649.502082
16800.0,2074,34654.840241
12000.0,1411,34658.352083
10400.0,1553,34662.267691
9600.0,1344,34665.710799
12000.0,1898,34785.999779
8000.0,1134,34788.858699
17600.0,1950,34793.777491
17600.0,1697,34798.119318
16800.0,1739,34802.534497
4000.0,1074,34805.19302
10400.0,1518,34916.110199
7200.0,1499,34919.885036
16800.0,2131,34925.352401
9600.0,1129,34928.195512
8800.0,1794,34932.758357
17600.0,1961,35044.907376
8800.0,1048,35047.512476
3200.0,1416,35051.060331
10400.0,1320,35054.359637
11200.0,1764,35058.857031
17600.0,2140,35064.243091
17600.0,1750,35184.242145
17600.0,1883,35188.95873
17600.0,1837,35193.69828
11200.0,1748,35198.094526
17600.0,1894,35310.205097
17600.0,1685,35314.512131
17600.0,1869,35319.287128
16800.0,1835,35323.898134
16800.0,2004,35328.983366
8800.0,1418,35439.793633
17600.0,1764,35444.295223
8800.0,1294,35447.506296
6400.0,1205,35450.50182
11200.0,1441,35454.090562
17600.0,1976,35459.156309
17600.0,2064,35574.254132
19200.0,1648,35578.436185
3200.0,1174,35581.407359
4000.0,1416,35584.920169
11200.0,1422,35588.475216
17600.0,1832,35701.587792
17600.0,1968,35706.570806
16800.0,2031,35711.743062
8800.0,1221,35714.803314
7200.0,1233,35717.905676
4000.0,928,35720.24066
17600.0,1814,35840.477095
12000.0,1920,35845.556807
5600.0,1271,35848.737433
17600.0,1784,35853.233857
17600.0,1692,35857.484977
8000.0,988,35967.394835
17600.0,1687,35971.666243
16800.0,1819,35976.312374
12000.0,1786,35980.777447
9600.0,1274,35983.93244
8800.0,1006,35986.409918
12000.0,1597,36097.83907
5600.0,988,36100.226637
17600.0,2091,36105.531693
8800.0,1236,36108.577505
12000.0,1790,36113.060506
14400.0,2004,36225.526235
8800.0,1299,36228.825019
16800.0,1853,36233.526218
5600.0,1526,36237.339731
12000.0,1514,36241.207251
17600.0,1845,36245.880826
3200.0,912,36355.514039
17600.0,1880,36360.291384
17600.0,1939,36365.216871
17600.0,1634,36369.337149
10400.0,1128,36372.146244
16800.0,2087,36484.873339
12000.0,1279,36488.154411
16800.0,2093,36493.534864
12800.0,1122,36496.340442
17600.0,2011,36501.548451
7200.0,1248,36612.689044
5600.0,775,36614.585821
17600.0,1793,36619.246785
16800.0,2150,36624.761117
6400.0,1185,36627.797251
3200.0,1486,36631.555619
5600.0,768,36633.440464
17600.0,1578,36750.932369
17600.0,1742,36755.334622
11200.0,1816,36759.915363
18400.0,1689,36764.212515
18400.0,1818,36768.876027
3200.0,916,36878.764788
16000.0,2065,36884.02385
7200.0,1175,36886.99565
16800.0,2145,36892.489355
10400.0,1361,36895.911579
11200.0,1416,37007.609382
14400.0,2138,37013.11265
7200.0,1160,37015.958004
16800.0,1963,37020.950498
9600.0,1772,37025.448993
10400.0,1333,37136.970938
4800.0,975,37139.630567
12000.0,1583,37144.617461
5600.0,1108,37147.413554
14400.0,1641,37151.719628
17600.0,2088,37157.207482
17600.0,1617,37272.863453
5600.0,1092,37275.665208
2400.0,1396,37279.196312
5600.0,1289,37282.452113
9600.0,1265,37285.683385
9600.0,1655,37289.891409
17600.0,1754,37404.731742
16800.0,2462,37411.078426
12000.0,1260,37414.326429
8000.0,1337,37417.739884
9600.0,2176,37423.410823
2400.0,912,37425.700042
17600.0,2302,37541.234658
18400.0,1966,37546.189875
10400.0,1836,37550.845339
17600.0,1970,37555.844295
17600.0,1928,37670.211528
9600.0,1510,37674.026468
10400.0,1423,37677.621198
11200.0,1434,37681.266182
8800.0,1030,37683.82711
17600.0,1849,37804.624761
17600.0,2042,37809.864398
16800.0,1986,37814.951857
16000.0,1947,37819.963323
17600.0,1950,37824.970305
17600.0,2495,37938.661265
5600.0,757,37940.473267
18400.0,2195,37946.086299
1600.0,822,37948.085414
17600.0,1831,37952.74082
11200.0,1614,38064.145408
17600.0,2091,38069.450199
800.0,1101,38072.169412
4000.0,1072,38074.86466
11200.0,1522,38078.732651
17600.0,1847,38083.394135
16800.0,1708,38195.05948
12000.0,1342,38198.467508
17600.0,2176,38204.047639
18400.0,2354,38210.281438
17600.0,1796,38321.886547
17600.0,1773,38326.350248
5600.0,1012,38328.834878
17600.0,1863,38333.570858
17600.0,1742,38337.987035
5600.0,978,38340.523729
2400.0,840,38457.752797
4000.0,1602,38461.840671
5600.0,1554,38465.774463
17600.0,1984,38470.785278
7200.0,1049,38473.332495
10400.0,1736,38477.921605
16800.0,1720,38589.261747
17600.0,2126,38594.705179
16800.0,2021,38599.89166
17600.0,1649,38604.058677
17600.0,2126,38716.630635
19200.0,1970,38721.62654
10400.0,1864,38726.383938
17600.0,2121,38731.823937
8800.0,1084,38734.493741
10400.0,1473,38845.204163
4000.0,1091,38847.932045
18400.0,2144,38853.494695
9600.0,986,38855.886479
16800.0,2015,38861.032296
8800.0,1137,38863.862701
17600.0,1933,38985.359766
10400.0,1236,38988.483531
17600.0,1715,38992.901358
10400.0,1440,38996.623868
5600.0,989,38999.322946
17600.0,1949,39123.741188
16800.0,2078,39129.040087
17600.0,2162,39134.571057
11200.0,1780,39139.080275
8800.0,1416,39142.667579
16800.0,1677,39254.148982
4000.0,1784,39258.752362
7200.0,1799,39263.319334
12000.0,1217,39266.359322
12000.0,1583,39270.346964
5600.0,1649,39381.888558
17600.0,1962,39386.892346
8800.0,1342,39390.24047
17600.0,1847,39394.976086
17600.0,1721,39399.351878
17600.0,1970,39519.57017
16800.0,1798,39524.163474
17600.0,2108,39529.471242
17600.0,2594,39536.167615
17600.0,1679,39647.752141
17600.0,2256,39653.509196
6400.0,998,39655.918993
16800.0,2357,39662.079809
17600.0,2157,39667.627012
9600.0,1140,39786.463545
17600.0,1739,39790.940682
17600.0,1902,39795.7552
7200.0,1243,39798.898197
17600.0,1934,39803.865057
17600.0,1769,39915.63628
4000.0,1288,39918.862145
17600.0,1676,39923.046502
17600.0,2079,39928.462506
5600.0,940,39930.755548
17600.0,1864,39935.487873
8000.0,1071,40045.593859
17600.0,1857,40050.225786
17600.0,2000,40055.260969
17600.0,2165,40060.749281
8800.0,1067,40063.395596
16000.0,1957,40176.007248
19200.0,2002,40181.089627
16800.0,2355,40187.135445
16800.0,2209,40192.721543
11200.0,1256,40302.989483
9600.0,1126,40305.789602
8000.0,1070,40308.455745
4000.0,1121,40311.285293
17600.0,1810,40316.030486
20800.0,2120,40321.447955
10400.0,1520,40432.57866
16800.0,1969,40437.485266
4800.0,910,40439.703822
16800.0,1698,40444.020571
16000.0,1985,40449.051754
17600.0,1946,40561.171844
6400.0,1062,40563.779568
8800.0,1506,40567.592205
17600.0,1993,40572.662682
12000.0,1253,40575.865783
16800.0,1582,40579.858058
17600.0,1729,40691.472263
7200.0,1009,40693.964279
9600.0,1102,40696.762199
10400.0,1401,40700.258767
5600.0,888,40702.401343
17600.0,2130,40707.882067
4000.0,1115,40818.092545
4000.0,1090,40820.798908
5600.0,982,40823.261217
6400.0,846,40825.297034
3200.0,985,40827.767942
11200.0,1397,40831.410276
17600.0,2383,40837.483158
11200.0,1271,40948.178654
16800.0,1949,40953.124858
4800.0,981,40955.531009
17600.0,1984,40960.723787
4000.0,1003,40963.238874
17600.0,1930,41075.548825
17600.0,1933,41080.424286
17600.0,2405,41086.555861
2400.0,840,41088.572849
8800.0,1619,41092.675323
16800.0,1929,41206.098932
16800.0,1718,41210.457214
11200.0,1664,41214.660526
7200.0,1126,41217.46617
10400.0,1591,41221.449346
8800.0,1438,41225.034643
15200.0,2055,41337.496309
17600.0,1955,41342.46561
17600.0,1826,41347.061052
7200.0,1731,41351.431376
17600.0,1889,41463.814487
12000.0,1496,41467.596271
5600.0,912,41469.830509
16800.0,2460,41476.182734
16800.0,2616,41482.906922
8000.0,1374,41593.759628
12000.0,1522,41597.593921
17600.0,1932,41602.605798
0.0,692,41604.329583
5600.0,1222,41607.380162
17600.0,2157,41612.793754
5600.0,905,41722.577612
17600.0,1874,41727.395432
11200.0,1525,41731.190626
11200.0,1333,41734.495879
6400.0,1378,41737.95894
12000.0,1129,41740.778385
10400.0,1515,41851.924658
8800.0,1222,41855.009597
4800.0,1236,41858.123378
12000.0,1480,41861.836782
9600.0,1133,41864.693751
8000.0,976,41867.133317
800.0,1129,41869.915556
12000.0,1563,41981.328352
16000.0,2203,41987.003861
9600.0,1415,41990.58355
12000.0,1498,41994.323979
17600.0,1873,41999.010117
16800.0,1829,42111.283719
9600.0,1462,42115.000264
8000.0,1006,42117.501678
10400.0,1133,42120.289785
7200.0,1286,42123.509699
15200.0,1916,42128.405401
11200.0,1425,42239.918307
17600.0,2616,42246.784437
8800.0,1131,42249.597778
8000.0,918,42251.834433
8800.0,1277,42255.068904
8800.0,1082,42257.747854
17600.0,1897,42370.319276
5600.0,1052,42373.459112
5600.0,1020,42376.002313
4000.0,1547,42379.884258
16800.0,1955,42384.862797
9600.0,1559,42388.828567
16800.0,2252,42502.290411
16800.0,1805,42506.901978
8000.0,1511,42510.701252
16000.0,2129,42516.137169
17600.0,1863,42631.293312
9600.0,1353,42634.7045
4000.0,1510,42638.468601
8800.0,1135,42641.269797
5600.0,1575,42645.252282
5600.0,1101,42647.984767
10400.0,1615,42652.046016
6400.0,1491,42763.191165
8800.0,1273,42766.391308
8800.0,1041,42768.981921
17600.0,2069,42774.240173
19200.0,2541,42780.741921
16000.0,1915,42893.190717
5600.0,1091,42895.886101
17600.0,1572,42899.807415
12000.0,1271,42902.986871
5600.0,857,42905.134946
3200.0,971,42907.546008
7200.0,1241,42910.652747
16800.0,1902,43023.636142
6400.0,1167,43026.542117
11200.0,1498,43030.340915
7200.0,917,43032.637165
17600.0,2108,43038.044458
9600.0,1522,43149.229127
16800.0,2045,43154.428706
17600.0,1739,43158.833597
4800.0,872,43160.948574
9600.0,1815,43165.566676
17600.0,2280,43278.842438
17600.0,1598,43282.865201
17600.0,1884,43287.700694
8000.0,1519,43291.519046
4000.0,1315,43294.816533
16800.0,1828,43406.833067
12000.0,1413,43410.38792
5600.0,1069,43413.020291
4800.0,1191,43416.049539
10400.0,1493,43419.798508
10400.0,2054,43425.092558
8800.0,1119,43544.046696
11200.0,1655,43548.286494
16800.0,1718,43552.587792
11200.0,1881,43557.298873
17600.0,2023,43562.40648
7200.0,1349,43673.329785
7200.0,991,43675.756942
17600.0,1762,43680.220406
16000.0,1691,43684.500648
11200.0,1762,43688.990002
4000.0,1649,43693.155102
6400.0,1520,43804.83424
16800.0,2085,43810.112977
16800.0,2145,43815.565031
5600.0,1008,43818.068002
17600.0,1911,43822.918856
3200.0,896,43932.706671
17600.0,1895,43937.478199
5600.0,1083,43940.184155
16800.0,1860,43944.972689
8800.0,1551,43948.943425
4800.0,1190,43951.873449
16000.0,1782,44064.275939
12000.0,1353,44067.668714
17600.0,1972,44072.693338
8800.0,1249,44075.852506
10400.0,1491,44079.589799
7200.0,1375,44083.131447
17600.0,1644,44203.410693
16800.0,1744,44207.83003
11200.0,1280,44211.04187
12000.0,1640,44215.167656
17600.0,1526,44219.024716
4000.0,976,44329.247195
17600.0,2414,44335.433659
1600.0,921,44337.717777
12000.0,1419,44341.249684
10400.0,1472,44344.960317
5600.0,1031,44347.504575
10400.0,1032,44350.007121
17600.0,1853,44463.603494
9600.0,1426,44467.251943
9600.0,1683,44471.529153
10400.0,981,44473.994356
10400.0,1420,44477.616887
12000.0,1843,44589.969748
17600.0,2112,44595.385847
17600.0,1969,44600.447209
16800.0,1610,44604.535879
11200.0,1438,44608.149556
12800.0,1365,44719.939348
10400.0,1271,44723.202495
4000.0,1291,44726.473314
16800.0,1610,44730.538718
17600.0,1756,44735.121074
7200.0,1613,44739.249071
3200.0,900,44858.19134
7200.0,1006,44860.649836
11200.0,1729,44865.031684
7200.0,1429,44868.631476
11200.0,1639,44872.79847
19200.0,2474,44879.136828
17600.0,2005,44992.060433
10400.0,1588,44996.063282
10400.0,1264,44999.180759
5600.0,1046,45001.793506
17600.0,2201,45007.371682
16800.0,1978,45120.228891
12000.0,1431,45123.880774
8000.0,1800,45128.41261
17600.0,2060,45133.696907
5600.0,971,45136.095431
7200.0,1375,45247.300512
17600.0,1957,45252.305736
12000.0,1520,45256.149673
8000.0,1124,45258.912467
17600.0,1844,45263.548867
8800.0,1187,45266.464036
4800.0,1178,45377.14953
19200.0,2005,45382.317904
4000.0,806,45384.303845
12000.0,1638,45388.531565
7200.0,886,45390.778805
8000.0,986,45393.20805
19200.0,2044,45514.908958
8800.0,1050,45517.464072
17600.0,2001,45522.562682
9600.0,1210,45525.605466
17600.0,2375,45531.714035
18400.0,1635,45643.765636
17600.0,1914,45648.708994
3200.0,1555,45652.638793
7200.0,1053,45655.276232
4000.0,1148,45658.078333
8000.0,1562,45662.020315
5600.0,1023,45664.566615
19200.0,2095,45775.64625
17600.0,2187,45781.255781
16800.0,1905,45786.223101
17600.0,1907,45791.033036
7200.0,930,45899.025873
5600.0,1175,45902.024845
12000.0,1501,45905.869382
5600.0,1146,45908.783067
8800.0,1401,45912.296578
10400.0,1451,45915.958726
17600.0,2295,46026.97667
8800.0,1227,46030.083226
10400.0,1656,46034.325043
8800.0,1726,46038.890503
17600.0,1953,46043.878949
5600.0,913,46046.128079
6400.0,895,46156.233918
17600.0,1890,46161.079056
8800.0,1299,46164.299538
6400.0,1256,46167.409063
11200.0,1792,46171.994367
5600.0,1010,46174.467732
7200.0,990,46283.684678
11200.0,1228,46286.75051
6400.0,1571,46290.769687
20800.0,2067,46295.998136
5600.0,1117,46298.726876
16800.0,1836,46303.394275
17600.0,2619,46417.95541
17600.0,2309,46423.860576
17600.0,1776,46428.41421
15200.0,2306,46434.29289
8800.0,1450,46543.342125
11200.0,1278,46546.591797
4000.0,991,46549.019981
17600.0,1930,46553.913552
4000.0,1066,46556.620521
17600.0,2025,46667.182584
19200.0,2019,46672.346847
10400.0,1152,46675.455681
5600.0,894,46677.657785
9600.0,988,46680.111091
11200.0,1661,46684.289766
16800.0,1794,46688.879622
5600.0,1259,46797.447197
17600.0,1945,46802.4226
4800.0,1159,46805.321849
16800.0,2108,46810.716118
10400.0,1092,46813.463464
10400.0,1492,46923.042568
17600.0,2180,46928.831271
12000.0,1495,46932.603675
9600.0,1508,46936.360229
17600.0,1857,46941.199657
16800.0,1938,47051.323628
16800.0,2032,47056.557865
19200.0,1845,47061.208143
3200.0,1308,47064.427097
17600.0,2122,47069.819777
16800.0,2115,47180.706686
10400.0,1205,47183.752926
17600.0,1924,47188.605041
16800.0,1488,47192.317342
3200.0,1734,47196.654352
4800.0,846,47304.031832
10400.0,1793,47308.601117
11200.0,1793,47313.276947
17600.0,1994,47318.405714
17600.0,2139,47323.782869
8000.0,1241,47432.243376
16800.0,1847,47436.983216
7200.0,1097,47439.710865
8800.0,1432,47443.33455
10400.0,1530,47447.211566
17600.0,1733,47451.536627
16800.0,1975,47562.147674
9600.0,1407,47565.656626
8000.0,1084,47568.371604
17600.0,2153,47573.925137
17600.0,2276,47685.242549
16800.0,2208,47690.828352
8800.0,1686,47695.099255
12000.0,1544,47698.948791
800.0,683,47700.614786
17600.0,1674,47704.842564
11200.0,1601,47814.282142
17600.0,1891,47819.133464
12800.0,1604,47823.143034
7200.0,1216,47826.158572
17600.0,1982,47831.185286
8800.0,1390,47940.524513
3200.0,974,47943.059366
17600.0,1944,47948.052874
12000.0,1225,47951.09513
10400.0,1469,47954.845458
17600.0,2209,47960.470783
16800.0,2408,48072.167172
16000.0,1885,48076.963937
4000.0,1407,48080.598437
12000.0,2102,48085.939616
8800.0,1382,48194.641242
8000.0,1338,48198.061019
10400.0,1305,48201.312751
10400.0,1281,48204.533962
16000.0,2651,48211.26219
17600.0,1832,48321.4229
4800.0,1047,48324.016966
16800.0,1969,48329.015789
10400.0,1056,48331.622945
16800.0,1938,48336.520572
5600.0,1355,48339.932856
17600.0,2053,48454.184046
1600.0,1420,48457.742377
12000.0,1705,48462.027419
7200.0,1418,48465.626162
17600.0,1799,48470.166499
17600.0,2079,48583.647724
17600.0,2108,48588.930193
17600.0,1882,48593.731709
17600.0,1884,48598.557994
16800.0,1975,48711.582829
7200.0,1433,48715.208687
17600.0,2254,48720.994027
12000.0,1569,48724.92297
18400.0,2101,48730.250194
4800.0,939,48840.616831
17600.0,1855,48845.26754
17600.0,2509,48851.703653
17600.0,1822,48856.350643
11200.0,1657,48860.545134
8800.0,1425,48972.945223
17600.0,2323,48978.807364
4000.0,1761,48983.316006
3200.0,1205,48986.325252
3200.0,1342,48989.651477
17600.0,1554,49099.544988
17600.0,2083,49104.865424
15200.0,1738,49109.272231
7200.0,1321,49112.565747
11200.0,1510,49116.363416
9600.0,1126,49119.297081
16800.0,2203,49233.635871
17600.0,2087,49238.947436
8000.0,1281,49242.142274
17600.0,2005,49247.230852
4000.0,1064,49249.855905
16800.0,1767,49362.581566
12000.0,1869,49367.355293
8800.0,1115,49370.121739
11200.0,1435,49373.719937
16800.0,2144,49379.115266
17600.0,2134,49492.727568
18400.0,1704,49497.061032
9600.0,1570,49500.997685
18400.0,1842,49505.670689
17600.0,1992,49619.179081
16800.0,2306,49625.102521
18400.0,1824,49629.685636
10400.0,1537,49633.529102
17600.0,2138,49639.035077
11200.0,1499,49751.294447
9600.0,1070,49753.980402
17600.0,1882,49758.811257
8000.0,1512,49762.580788
8800.0,1016,49765.068326
7200.0,1206,49768.178007
17600.0,1850,49880.989124
16800.0,1669,49885.214561
17600.0,1842,49889.882526
11200.0,1206,49892.912376
19200.0,1914,49897.78937
19200.0,2012,50008.51644
4000.0,1370,50011.993839
7200.0,1207,50015.004086
16800.0,1797,50019.533179
16800.0,1761,50024.036599
10400.0,1508,50136.71748
17600.0,2109,50142.0729
10400.0,1477,50145.817377
8000.0,1037,50148.35716
17600.0,1724,50152.766514
8800.0,1500,50156.57244
17600.0,1784,50268.025773
16800.0,1807,50272.666759
12000.0,1641,50276.816764
17600.0,1816,50281.475024
16000.0,1634,50285.563758
17600.0,1786,50398.596669
17600.0,1856,50403.326967
11200.0,1626,50407.396521
16800.0,2172,50413.032276
8800.0,1254,50416.142934
10400.0,1437,50527.989869
8800.0,1074,50530.707646
8000.0,1658,50534.882044
17600.0,1865,50539.666605
6400.0,1560,50543.614689
8000.0,1519,50655.836857
11200.0,1390,50659.418868
8000.0,1061,50662.017979
11200.0,1460,50665.726516
6400.0,989,50668.127715
10400.0,1748,50672.54972
16000.0,1985,50783.192764
17600.0,1955,50788.145025
17600.0,1915,50793.001504
12000.0,1362,50796.422207
17600.0,1788,50800.89219
19200.0,1799,50922.50237
17600.0,2077,50927.805688
10400.0,2080,50933.078579
16800.0,2288,50938.849868
19200.0,2379,51061.717968
17600.0,1913,51066.549139
17600.0,1857,51071.279928
16000.0,1751,51075.892753
17600.0,1576,51079.840408
5600.0,846,51190.351648
8000.0,983,51192.734922
8800.0,1558,51196.63437
8000.0,1512,51200.438506
11200.0,1581,51204.440067
10400.0,1357,51207.844277
8000.0,1282,51211.097217
17600.0,2486,51325.941017
17600.0,1860,51330.726228
16800.0,2013,51335.765841
11200.0,1797,51340.276069
3200.0,699,51460.171019
12000.0,1421,51463.751261
7200.0,1087,51466.44018
16800.0,1733,51470.827158
7200.0,984,51473.252821
12000.0,2061,51478.509518
4000.0,1266,51590.216188
17600.0,1698,51594.447205
5600.0,823,51596.432231
8000.0,1078,51599.085682
5600.0,1082,51601.76052
8000.0,1069,51604.412207
11200.0,1412,51607.986394
17600.0,1955,51729.645141
12000.0,1117,51732.418872
4000.0,1123,51735.245964
17600.0,2213,51741.011582
16800.0,2181,51746.526308
11200.0,1476,51855.873552
16800.0,1927,51860.79116
8000.0,1326,51864.097284
8800.0,1328,51867.378955
8000.0,949,51869.715513
16800.0,1729,51874.040888
11200.0,1212,51994.032446
17600.0,1912,51998.872434
16800.0,2243,52004.553258
17600.0,1656,52008.742165
4800.0,1070,52011.387386
