#{"t_start": 1756398273.156778, "env_id": "ALE/MarioBros-v5"}
r,l,t
1600.0,772,4.232752
0.0,526,5.269396
0.0,486,6.191283
0.0,840,7.853822
0.0,813,9.681517
0.0,1489,13.061058
0.0,1566,16.223939
0.0,830,17.82916
1600.0,996,19.735545
1600.0,1527,23.329437
0.0,824,24.959856
0.0,1080,27.137505
0.0,1420,30.270462
0.0,1113,32.660749
0.0,876,34.591244
0.0,180,34.884488
0.0,953,36.958055
4000.0,2160,41.724798
0.0,834,44.132007
0.0,400,44.864006
0.0,173,45.10712
1600.0,1665,48.513632
0.0,1198,50.945259
0.0,678,52.382784
1600.0,1128,54.640073
0.0,705,56.091761
0.0,254,56.636779
0.0,910,59.435171
0.0,692,61.087987
0.0,1004,63.841152
0.0,228,64.198363
0.0,267,64.611133
0.0,912,66.705693
0.0,810,68.384947
1600.0,1228,71.200464
0.0,828,72.859443
0.0,834,74.401436
1600.0,1605,77.949726
0.0,1768,83.529839
0.0,911,87.609967
0.0,988,89.76823
3200.0,1851,93.837408
0.0,1011,96.107484
1600.0,1029,98.975615
0.0,426,99.775209
0.0,1686,105.293572
0.0,1126,109.608734
0.0,983,112.468906
1600.0,538,113.684682
0.0,833,116.055692
0.0,1073,119.113793
0.0,1383,122.523173
1600.0,1477,126.158926
800.0,1684,131.193108
0.0,728,138.151072
0.0,470,140.771675
0.0,1165,147.805107
0.0,1324,154.988175
0.0,315,156.77719
0.0,1268,163.716828
1600.0,1273,170.748666
0.0,539,173.819968
0.0,842,178.448102
1600.0,2247,191.620799
0.0,823,196.090428
0.0,1556,204.782656
1600.0,1456,215.213288
0.0,553,218.592597
0.0,705,223.977877
0.0,406,227.696888
0.0,2058,240.300489
1600.0,504,242.99129
0.0,481,245.413781
1600.0,854,250.801916
0.0,1144,259.582916
0.0,1000,266.508119
0.0,1826,278.138861
0.0,439,281.316025
0.0,546,284.361147
0.0,759,288.369573
0.0,1042,294.483819
0.0,1638,305.983291
0.0,1177,313.614799
1600.0,426,316.186932
0.0,562,320.503456
800.0,516,323.870412
0.0,996,330.636708
0.0,1261,339.043518
0.0,964,344.610556
0.0,1336,352.569881
0.0,434,354.75883
0.0,709,358.568387
0.0,1332,367.922686
0.0,963,374.034018
0.0,742,378.250803
0.0,826,383.826521
0.0,820,389.246571
0.0,991,396.029715
0.0,1264,404.404342
800.0,1844,418.010574
1600.0,1359,426.74475
800.0,669,430.704494
0.0,740,435.218622
0.0,1848,449.571955
0.0,2129,463.527931
1600.0,1292,472.899008
0.0,692,477.72303
0.0,731,483.985644
0.0,320,487.155399
1600.0,591,492.321383
0.0,704,496.257348
800.0,795,500.700285
0.0,722,504.699411
0.0,934,509.838655
1600.0,994,515.75947
0.0,692,520.062182
0.0,689,524.3367
0.0,1568,533.718561
0.0,544,536.598167
800.0,889,541.589272
1600.0,1656,551.343529
0.0,696,555.327975
0.0,742,559.983647
0.0,1288,569.292566
0.0,780,574.240551
0.0,832,580.795025
0.0,449,583.389055
0.0,911,589.427822
0.0,1207,596.399662
0.0,764,600.644132
0.0,460,603.327138
0.0,1523,612.172833
0.0,705,616.458791
0.0,1119,622.89812
1600.0,1634,632.408129
0.0,1134,640.514701
1600.0,810,647.952581
0.0,1111,656.347917
0.0,734,661.451687
0.0,935,667.891587
1600.0,909,673.952184
0.0,562,677.90081
0.0,826,683.121991
0.0,1488,691.999968
0.0,567,694.93355
0.0,938,700.151127
0.0,1935,711.524014
0.0,960,717.225922
0.0,559,720.656376
0.0,615,725.015897
0.0,1570,737.530493
0.0,700,742.288646
1600.0,2288,760.434816
0.0,1080,766.571176
0.0,636,770.159879
0.0,1202,776.824703
1600.0,1203,783.703878
0.0,537,786.566483
0.0,333,788.143032
0.0,1224,794.97103
0.0,1106,801.799078
0.0,1387,810.250058
0.0,835,814.74945
0.0,1055,820.735929
800.0,2082,832.803773
0.0,1328,841.074279
0.0,782,845.610285
0.0,1078,851.764708
0.0,1130,858.253801
0.0,914,863.363456
0.0,2175,876.591077
1600.0,820,881.145924
0.0,853,886.023116
800.0,952,891.343696
0.0,2050,903.135396
0.0,843,907.780595
0.0,837,912.502771
800.0,421,914.561088
0.0,964,919.964566
0.0,1486,928.713435
1600.0,1197,935.460994
0.0,537,938.274645
0.0,844,943.004103
0.0,1994,954.586232
0.0,865,959.450492
0.0,1648,968.944077
0.0,325,970.536969
0.0,1989,983.28745
0.0,1461,993.832656
0.0,1591,1006.49358
0.0,781,1010.816745
2400.0,1148,1017.46993
0.0,614,1020.731626
0.0,2353,1035.557896
0.0,881,1040.386053
0.0,693,1044.182971
0.0,1135,1050.583394
800.0,1795,1061.235853
1600.0,2324,1074.905557
0.0,1449,1083.205321
1600.0,1426,1091.511529
0.0,1538,1100.284329
0.0,1489,1108.959523
0.0,390,1110.968185
0.0,333,1112.658267
1600.0,1625,1122.159032
1600.0,1684,1131.923672
0.0,1614,1141.589471
0.0,321,1143.15765
0.0,1422,1151.668039
0.0,747,1156.324652
800.0,2288,1169.768735
0.0,477,1172.292945
0.0,508,1174.933452
0.0,1423,1183.478014
0.0,2075,1196.978022
0.0,1090,1203.328538
1600.0,1367,1211.359273
0.0,1341,1219.042941
0.0,847,1223.888001
0.0,685,1227.693551
0.0,730,1231.9566
0.0,1499,1241.074457
0.0,552,1244.253997
0.0,842,1249.239719
0.0,942,1254.906811
800.0,1506,1263.943082
0.0,1302,1271.406205
1600.0,1083,1277.605035
0.0,1663,1287.173083
0.0,1574,1296.305803
0.0,1045,1302.172886
0.0,1559,1311.138826
0.0,1208,1317.997513
0.0,1492,1326.52607
1600.0,2069,1338.882065
1600.0,1752,1349.439868
0.0,1322,1357.479853
0.0,512,1360.101324
0.0,2197,1372.987402
0.0,471,1375.664321
0.0,1603,1385.31666
1600.0,1249,1392.505466
0.0,1529,1401.400397
0.0,481,1404.057601
0.0,1721,1414.260662
1600.0,1849,1425.154232
0.0,840,1429.794307
0.0,1530,1438.657594
0.0,1144,1445.428782
800.0,2046,1458.061808
0.0,1293,1465.521606
0.0,1270,1472.840723
0.0,872,1477.715306
1600.0,836,1482.522349
0.0,945,1488.254307
0.0,680,1492.036142
0.0,1275,1499.473726
0.0,1554,1508.62623
0.0,1933,1520.172556
800.0,1468,1528.760818
1600.0,1829,1539.651254
1600.0,1581,1548.980315
0.0,2135,1561.533867
0.0,1044,1567.411018
0.0,969,1573.050619
0.0,991,1578.797126
1600.0,1740,1589.100547
0.0,1419,1597.35156
0.0,737,1601.544978
0.0,2485,1616.710305
0.0,2414,1631.064185
0.0,880,1636.079899
0.0,1980,1647.817557
0.0,1348,1655.89532
800.0,616,1659.211286
0.0,713,1663.169291
0.0,1020,1668.808517
800.0,1551,1677.918328
0.0,721,1682.027753
0.0,1527,1690.853548
800.0,1481,1699.523234
800.0,542,1702.534212
0.0,987,1708.192197
0.0,1521,1717.046655
0.0,937,1722.335843
0.0,472,1724.804085
0.0,683,1728.614325
0.0,484,1731.138205
0.0,1498,1740.299919
0.0,1279,1747.724454
0.0,696,1751.451348
0.0,1523,1760.366822
0.0,1550,1769.451666
0.0,869,1774.444869
800.0,1639,1783.987772
0.0,782,1788.30392
0.0,992,1793.854168
800.0,990,1799.523434
0.0,693,1803.415138
800.0,1455,1811.919347
0.0,717,1815.910434
800.0,1927,1827.191996
0.0,828,1831.863678
0.0,748,1836.128322
0.0,887,1840.990106
0.0,766,1845.242653
0.0,1283,1852.670381
0.0,1263,1859.978566
4000.0,1256,1867.335862
0.0,1436,1875.954395
0.0,790,1880.642281
0.0,1130,1887.87316
800.0,2010,1900.652299
1600.0,691,1904.917728
800.0,2131,1917.788111
800.0,2063,1930.311527
1600.0,2128,1944.030364
0.0,1036,1951.281349
0.0,1356,1959.92723
1600.0,1566,1969.819273
0.0,683,1974.052726
0.0,2214,1987.75282
1600.0,1451,1997.068075
1600.0,1756,2011.861265
0.0,1581,2025.737409
0.0,1385,2036.507603
0.0,1703,2046.957182
0.0,1018,2052.799412
2400.0,1023,2058.735929
0.0,2126,2072.15483
0.0,2547,2087.659626
1600.0,1861,2098.689989
0.0,1334,2106.711268
1600.0,1422,2115.102246
0.0,396,2117.127312
0.0,1060,2123.332367
0.0,546,2126.163167
0.0,2073,2139.415052
0.0,1628,2149.293456
0.0,673,2153.413129
0.0,966,2158.870633
0.0,1330,2166.688641
0.0,182,2167.506256
0.0,1419,2177.258114
0.0,618,2181.694581
800.0,1978,2200.379949
0.0,1333,2210.683977
0.0,1236,2220.136613
0.0,1519,2232.288145
0.0,1556,2244.02004
0.0,1957,2258.31051
0.0,1359,2275.381865
0.0,2017,2292.856859
0.0,1198,2304.356424
1600.0,2071,2324.955988
1600.0,2384,2345.978458
0.0,1984,2362.437539
0.0,757,2376.479128
0.0,2278,2393.402774
0.0,680,2397.752756
1600.0,1962,2411.864668
800.0,2078,2426.166997
0.0,1901,2439.846556
0.0,838,2445.468663
1600.0,2256,2460.953738
0.0,1573,2472.140011
0.0,764,2477.19067
0.0,1579,2488.725798
0.0,1032,2496.005814
0.0,1112,2503.451491
0.0,1740,2516.287967
0.0,1261,2524.866562
0.0,743,2529.917589
0.0,1399,2539.542937
1600.0,2040,2554.067069
0.0,1651,2566.776528
0.0,1270,2575.705937
0.0,1432,2585.955731
0.0,1378,2595.248828
800.0,1524,2608.550264
0.0,1812,2629.958141
0.0,693,2636.070966
0.0,1047,2647.26864
0.0,2012,2666.633514
0.0,1560,2678.606913
0.0,515,2682.530653
0.0,1498,2694.551721
0.0,1070,2702.640369
0.0,835,2708.847859
1600.0,2102,2724.722175
0.0,396,2727.19972
0.0,241,2728.411008
0.0,1350,2737.797643
0.0,1470,2748.731571
800.0,2210,2766.670522
1600.0,1246,2775.519712
0.0,743,2780.488488
0.0,2000,2794.911655
0.0,2100,2810.387219
0.0,1071,2818.044088
800.0,2172,2834.348878
0.0,743,2839.752015
800.0,1937,2853.97048
0.0,1284,2862.982896
0.0,1390,2872.841291
0.0,1291,2881.704911
1600.0,1551,2892.386566
0.0,985,2898.976552
0.0,219,2900.070848
0.0,1724,2912.149575
0.0,1666,2923.657378
0.0,1418,2933.423685
800.0,600,2937.350115
0.0,1661,2948.724977
0.0,2256,2964.543067
0.0,1683,2976.173365
0.0,413,2978.737782
800.0,2274,2994.326742
0.0,1031,3001.246043
0.0,1993,3014.893539
0.0,1867,3027.743306
800.0,2335,3043.770082
0.0,1372,3052.906873
0.0,1368,3062.127121
0.0,1315,3070.87023
0.0,1021,3077.43017
0.0,2060,3091.321292
0.0,2060,3105.568699
0.0,1770,3117.421981
0.0,1306,3126.103928
0.0,1311,3135.348987
0.0,2099,3149.855845
0.0,1351,3159.006313
0.0,1690,3170.885816
0.0,1824,3183.262658
1600.0,1952,3196.525579
2400.0,2054,3210.352517
0.0,714,3214.92845
0.0,1028,3221.85923
0.0,1350,3230.81919
0.0,2732,3249.633224
0.0,820,3254.949402
1600.0,1444,3264.617063
0.0,2036,3278.280567
0.0,2100,3292.887431
0.0,2068,3306.948659
1600.0,1320,3315.744361
0.0,828,3321.227403
0.0,2418,3337.81446
0.0,1564,3348.248157
0.0,1986,3361.612601
0.0,959,3367.95599
0.0,826,3373.391026
0.0,2066,3387.52586
0.0,1966,3400.954747
0.0,615,3404.816955
0.0,1549,3415.253983
0.0,1521,3425.419279
0.0,2063,3439.460571
800.0,1962,3452.84267
0.0,979,3459.239968
0.0,1566,3469.942884
0.0,2274,3485.337167
800.0,955,3491.48935
0.0,2024,3505.215636
0.0,1448,3515.000863
0.0,1726,3526.602092
0.0,1975,3540.004392
0.0,1483,3549.944425
0.0,1974,3563.373308
0.0,2072,3577.567109
0.0,1868,3590.140105
0.0,1314,3598.789624
0.0,1861,3611.342745
0.0,1580,3621.899582
800.0,2312,3637.650863
0.0,1638,3648.779132
800.0,2064,3663.254705
0.0,1744,3675.064062
0.0,1450,3685.037634
0.0,1279,3693.771896
0.0,2204,3708.827164
0.0,1633,3719.920842
0.0,1073,3726.889212
1600.0,2494,3743.928032
0.0,2037,3758.002999
0.0,1978,3771.389165
0.0,1395,3780.850049
0.0,1337,3789.889218
1600.0,1564,3800.614787
0.0,2252,3816.006631
0.0,1593,3826.708841
0.0,1326,3835.614891
0.0,1983,3849.343413
0.0,2353,3865.33564
0.0,1962,3879.005853
800.0,2263,3894.419791
1600.0,2179,3909.131199
0.0,1560,3921.089872
0.0,2072,3941.292319
0.0,1905,3957.779807
0.0,1968,3970.367217
0.0,2398,3985.97454
1600.0,1962,3998.742483
0.0,2152,4012.730492
0.0,2076,4026.375355
800.0,2158,4040.299544
0.0,1935,4052.711799
800.0,2010,4065.917991
0.0,1376,4074.654186
0.0,1985,4087.538526
0.0,1372,4096.374094
2400.0,1992,4109.957702
0.0,1173,4117.647402
800.0,2001,4130.826505
1600.0,1972,4143.599432
0.0,2074,4157.613319
0.0,2070,4171.094831
0.0,1603,4181.518041
0.0,2162,4195.604833
0.0,1238,4203.447279
0.0,1742,4214.618225
800.0,2092,4228.45603
0.0,685,4232.635806
0.0,1264,4240.509245
0.0,1334,4249.238698
0.0,2508,4265.699898
0.0,2080,4279.018192
0.0,2010,4292.280227
0.0,1940,4304.760582
1600.0,1687,4315.66921
0.0,1696,4326.650283
0.0,1640,4337.181414
0.0,3162,4357.828846
800.0,2412,4373.594778
0.0,1107,4380.641739
0.0,1035,4387.104112
0.0,2756,4405.129542
0.0,1825,4417.047771
800.0,1476,4426.524286
0.0,776,4431.238968
0.0,1974,4443.850183
0.0,761,4448.547706
0.0,2276,4463.172715
0.0,1982,4475.931224
800.0,752,4480.977056
0.0,2732,4498.93154
0.0,1282,4507.124766
1600.0,2308,4522.66181
0.0,2111,4536.972466
0.0,1166,4544.621659
800.0,1699,4555.906271
0.0,1751,4567.589391
800.0,1986,4580.806615
1600.0,2509,4598.75995
0.0,2216,4614.508841
0.0,834,4619.785335
0.0,1851,4632.219387
0.0,1297,4640.702075
0.0,1979,4654.045719
0.0,1045,4660.905845
1600.0,2424,4677.717294
1600.0,2514,4694.888083
0.0,1367,4703.987728
0.0,1568,4714.571323
800.0,2172,4729.16184
0.0,1984,4742.640222
0.0,1637,4753.776555
0.0,1719,4765.264224
0.0,1499,4775.160556
0.0,2103,4789.494401
0.0,2652,4807.40748
0.0,1236,4815.836668
800.0,2419,4832.108318
0.0,2079,4846.883788
0.0,1546,4857.206291
0.0,1517,4867.301738
1600.0,2274,4884.002441
0.0,1126,4894.566931
0.0,1638,4907.329499
0.0,2080,4925.594509
0.0,1911,4939.80259
0.0,2456,4958.460648
0.0,2289,4981.162184
0.0,1795,4994.936316
0.0,2278,5010.652094
0.0,3138,5031.795809
0.0,2307,5047.046515
0.0,2784,5065.411807
0.0,746,5070.345021
1600.0,2072,5084.703805
800.0,1745,5098.501847
1600.0,3052,5124.772506
0.0,1308,5136.787863
800.0,2487,5159.533446
0.0,1226,5169.681534
0.0,2252,5188.538784
0.0,2300,5209.502557
3200.0,1424,5222.262227
1600.0,398,5224.998568
0.0,1258,5234.485998
0.0,1940,5248.176515
0.0,2314,5267.63807
0.0,1992,5281.112446
0.0,2404,5297.275711
1600.0,1572,5307.774789
0.0,1880,5320.429166
0.0,2310,5336.128528
0.0,2506,5353.040756
0.0,1978,5366.126043
0.0,2506,5383.046059
0.0,2262,5398.395831
1600.0,3074,5419.54684
0.0,2180,5434.385946
0.0,2342,5450.358503
0.0,2433,5466.856754
0.0,3319,5489.724918
0.0,3069,5510.498141
0.0,2319,5527.812544
0.0,2300,5545.526159
0.0,2869,5566.387377
800.0,2745,5587.872073
0.0,1024,5594.832673
0.0,2444,5613.809102
0.0,1726,5625.538695
0.0,1567,5636.647458
0.0,2578,5654.792593
0.0,2413,5671.722899
0.0,1984,5685.506428
1600.0,2306,5702.903077
800.0,1500,5713.263125
0.0,1367,5722.140674
0.0,2025,5736.534785
0.0,1536,5748.261996
0.0,2185,5764.4554
0.0,2078,5780.23793
0.0,1889,5793.547163
0.0,3072,5816.537913
0.0,1570,5827.166766
0.0,1528,5837.841996
0.0,2262,5853.453274
0.0,1338,5863.059135
0.0,2444,5879.770731
0.0,2137,5896.456496
0.0,1859,5913.166994
0.0,3085,5940.95289
0.0,2514,5959.810171
0.0,1861,5973.38415
0.0,2408,5990.225903
0.0,3760,6018.152278
0.0,1292,6027.912803
0.0,2929,6052.065053
0.0,3207,6094.611191
0.0,994,6104.351247
800.0,2006,6125.811368
0.0,2252,6145.744293
0.0,1978,6163.921491
0.0,2615,6191.974634
1600.0,2288,6215.211954
800.0,2289,6233.337257
0.0,1370,6243.122224
0.0,3078,6267.184518
0.0,2711,6290.886968
1600.0,3380,6331.365821
0.0,3095,6364.433579
0.0,2272,6384.642089
0.0,2780,6411.789749
0.0,2816,6441.331201
0.0,1389,6453.03883
0.0,3955,6491.134402
1600.0,2454,6519.488486
0.0,2712,6542.622445
0.0,3059,6571.382283
1600.0,3366,6606.425998
0.0,2688,6637.783008
0.0,2080,6659.277045
0.0,3401,6688.41351
0.0,3923,6728.819995
0.0,2709,6761.338053
0.0,3184,6793.062598
0.0,1994,6813.149484
0.0,3374,6844.862901
0.0,3637,6871.440262
0.0,693,6876.100745
800.0,2039,6890.769132
0.0,2434,6907.37412
0.0,3082,6928.650793
0.0,2010,6942.321271
0.0,2185,6957.477618
0.0,3345,6983.039371
0.0,2444,7005.330301
0.0,2941,7030.097782
0.0,2123,7051.030456
0.0,1680,7065.051915
0.0,3182,7096.880251
0.0,2398,7114.335288
0.0,4057,7149.605358
0.0,2599,7171.797611
0.0,2513,7194.56612
1600.0,2946,7220.386449
0.0,3696,7247.759474
0.0,4763,7281.548354
1600.0,3188,7305.362508
0.0,2120,7319.732502
0.0,2695,7343.208706
0.0,3582,7373.134753
0.0,3935,7413.14983
0.0,3196,7439.577886
0.0,2982,7460.722666
0.0,2263,7476.620716
0.0,2447,7501.861105
1600.0,4778,7549.405947
0.0,2705,7574.193833
0.0,2721,7596.171658
0.0,4412,7640.010681
800.0,3104,7670.73045
800.0,4345,7718.099897
800.0,2448,7737.345697
0.0,3349,7767.263309
0.0,2407,7789.487157
1600.0,4048,7820.278076
1600.0,5522,7872.646128
0.0,5239,7923.960479
0.0,3057,7949.703283
0.0,3244,7987.91678
0.0,4146,8029.826634
1600.0,5541,8072.694137
800.0,3326,8094.59366
800.0,4737,8125.918983
0.0,4050,8152.371004
0.0,3464,8179.06974
0.0,3116,8203.037027
0.0,2454,8220.02462
800.0,4406,8250.650899
0.0,4091,8278.886201
1600.0,3660,8303.961083
0.0,2768,8323.063378
0.0,5622,8361.739272
0.0,4161,8389.848016
1600.0,8048,8444.663832
0.0,4511,8478.735608
0.0,3178,8504.619146
0.0,4173,8533.21881
0.0,4518,8563.889096
0.0,3647,8588.384868
0.0,4486,8618.485434
0.0,3463,8641.652674
800.0,4364,8671.296976
0.0,3666,8695.827391
800.0,5463,8732.754664
0.0,3870,8759.043735
0.0,5549,8796.563336
0.0,1545,8806.657349
0.0,2635,8824.1226
0.0,5271,8859.72254
0.0,5512,8897.307719
2400.0,4156,8925.701693
1600.0,4422,8955.633345
1600.0,3610,8980.16222
0.0,5646,9017.964355
800.0,4564,9048.883575
0.0,4433,9078.640937
0.0,4163,9107.725832
0.0,2545,9124.841979
0.0,3231,9147.262993
0.0,1587,9157.684109
0.0,2448,9174.186487
2400.0,5637,9212.118746
0.0,3682,9236.812557
0.0,3094,9257.585237
0.0,2105,9271.505304
800.0,5525,9308.842552
0.0,4487,9339.479187
0.0,4504,9369.494997
0.0,3979,9397.523373
1600.0,4754,9428.667367
0.0,4504,9458.44411
0.0,5431,9493.957169
0.0,3520,9517.125364
0.0,3512,9539.765255
0.0,3196,9560.513768
0.0,2648,9577.683109
0.0,3253,9598.887357
0.0,4054,9625.279423
0.0,3245,9646.233093
800.0,5567,9682.443713
0.0,3319,9703.76798
0.0,4780,9734.977777
0.0,4976,9767.288967
0.0,3058,9786.951878
0.0,5516,9822.796087
0.0,4629,9852.960447
0.0,2506,9869.435432
0.0,4956,9901.750767
1600.0,5230,9936.105671
0.0,8820,9993.647536
0.0,3758,10019.151526
1600.0,8480,10074.572291
800.0,5548,10110.869354
800.0,4530,10140.099312
1600.0,7528,10189.312652
0.0,2007,10202.045459
0.0,4180,10229.049552
0.0,3394,10251.100145
800.0,5564,10287.136694
1600.0,3810,10311.590924
0.0,5425,10346.587527
0.0,5646,10383.241938
800.0,7016,10428.657948
0.0,5426,10464.025278
1600.0,4163,10490.762613
0.0,4661,10521.005306
0.0,3990,10546.808327
800.0,9832,10610.825857
0.0,4752,10641.570202
0.0,3958,10667.213263
0.0,4936,10699.09272
0.0,5169,10732.587124
0.0,4147,10759.668662
0.0,4566,10789.123726
0.0,5254,10823.073879
800.0,5788,10860.433958
3200.0,8019,10912.726791
0.0,11038,10984.524642
0.0,2460,11000.200258
1600.0,5259,11034.108214
1600.0,2588,11050.653135
0.0,2659,11067.584055
0.0,3224,11088.146332
1600.0,7710,11138.489244
0.0,2649,11155.589385
800.0,5371,11190.355908
0.0,1962,11202.878233
0.0,3945,11228.254692
0.0,4526,11257.367854
0.0,4525,11286.603764
800.0,4180,11313.608712
0.0,2475,11329.5357
3200.0,6174,11369.617716
0.0,4757,11400.214546
0.0,3206,11420.921353
1600.0,4895,11452.524719
0.0,2521,11468.943433
0.0,8464,11523.877599
0.0,4508,11552.997044
0.0,4744,11583.468761
1600.0,5516,11619.159983
1600.0,4780,11650.071345
1600.0,4085,11676.5628
0.0,4961,11709.00135
0.0,4260,11736.792608
0.0,4981,11769.113207
0.0,4992,11801.423058
0.0,8846,11858.995528
2400.0,4967,11890.896453
0.0,4538,11924.62108
800.0,4397,11967.133367
0.0,4962,12007.315758
0.0,3970,12038.279113
0.0,5376,12083.430312
0.0,5782,12124.21015
0.0,3406,12146.513897
800.0,2986,12165.930701
800.0,4754,12197.401821
0.0,2767,12215.444383
1600.0,4324,12243.848891
0.0,4574,12281.836705
0.0,3986,12309.591258
800.0,5598,12346.553448
800.0,8931,12406.130096
3200.0,7260,12453.798596
0.0,3257,12475.722218
0.0,3909,12503.037537
800.0,4740,12543.221951
800.0,3102,12571.770714
800.0,5542,12613.591149
0.0,5563,12652.440489
800.0,6212,12707.261026
1600.0,2970,12732.150836
2400.0,4882,12765.054255
1600.0,3490,12788.874807
2400.0,3111,12814.369215
0.0,1585,12824.569186
2400.0,5398,12878.897976
3200.0,3708,12907.477645
800.0,2783,12925.742881
0.0,846,12930.907412
0.0,688,12935.078072
1600.0,1078,12942.119099
2400.0,4571,12972.473081
2400.0,3342,12994.38221
3200.0,5587,13031.192964
800.0,1902,13043.458572
1600.0,2142,13057.397409
0.0,2780,13075.150793
4000.0,2747,13094.456257
800.0,2916,13122.569636
4000.0,5403,13164.766461
800.0,3325,13186.875945
3200.0,3589,13210.995006
2400.0,3378,13232.837038
3200.0,3509,13259.606947
3200.0,3968,13286.010332
3200.0,4140,13325.513542
2400.0,5557,13379.703152
2400.0,3954,13409.656301
2400.0,4744,13449.51686
2400.0,5232,13492.025692
1600.0,2432,13515.591703
2400.0,4940,13557.534489
1600.0,3219,13589.165904
3200.0,6483,13644.060508
4000.0,4144,13675.979964
1600.0,3986,13704.850464
3200.0,4180,13744.680703
3200.0,2981,13770.086359
2400.0,4823,13806.324427
4000.0,6738,13862.559413
2400.0,6485,13914.184542
4800.0,7079,13964.860117
2400.0,3686,13990.093904
800.0,2943,14009.885025
3200.0,10242,14079.530355
1600.0,1129,14086.714433
1600.0,1412,14095.714007
3200.0,2901,14115.051399
2400.0,9662,14181.444585
4000.0,4027,14208.413389
2400.0,3577,14231.680937
1600.0,4558,14269.172219
3200.0,4413,14303.189664
2400.0,3455,14326.006245
3200.0,2863,14345.053134
0.0,3056,14366.577187
3200.0,8597,14446.428507
0.0,3087,14471.561771
2400.0,4748,14506.996457
2400.0,4688,14544.851504
1600.0,4937,14584.577863
800.0,4674,14617.295367
3200.0,3036,14638.446333
4000.0,4908,14673.038961
3200.0,3599,14697.7282
4000.0,3704,14723.339576
2400.0,7482,14775.47693
3200.0,5167,14811.327218
0.0,1962,14824.561304
800.0,1193,14832.538961
3200.0,11493,14912.881188
3200.0,2755,14931.696447
3200.0,4760,14964.469506
2400.0,4140,14992.81509
2400.0,7700,15046.51709
3200.0,4641,15078.899231
3200.0,3613,15103.626224
2400.0,5622,15142.648189
3200.0,7270,15192.971817
4000.0,9361,15258.356387
3200.0,3930,15285.393274
3200.0,3196,15307.532819
3200.0,5376,15345.590153
1600.0,3944,15372.968167
3200.0,5618,15411.764805
3200.0,5192,15447.81721
1600.0,5230,15483.780551
4000.0,3594,15509.17979
4000.0,6401,15554.070855
3200.0,4211,15583.471765
2400.0,9366,15648.382591
3200.0,3981,15676.182255
3200.0,8190,15739.395705
3200.0,5264,15776.803554
800.0,3203,15797.644719
3200.0,4620,15828.115671
3200.0,7701,15878.95745
2400.0,5531,15914.976842
3200.0,3166,15935.492855
3200.0,6152,15975.730546
0.0,838,15980.855949
2400.0,4606,16011.342007
3200.0,2962,16030.56232
2400.0,7536,16080.417236
3200.0,4389,16109.05048
4000.0,4245,16136.884195
1600.0,4046,16163.140605
3200.0,5299,16197.652407
3200.0,2062,16210.925184
3200.0,5406,16245.944909
4000.0,8522,16301.687568
3200.0,5230,16335.7405
3200.0,6466,16384.068086
3200.0,4197,16411.815834
2400.0,8566,16501.39317
2400.0,5500,16552.859139
2400.0,8156,16653.481349
4000.0,5345,16711.847666
3200.0,3614,16747.727592
3200.0,1962,16764.348345
3200.0,2616,16786.133221
3200.0,2571,16809.33218
3200.0,8192,16878.665134
1600.0,7498,16947.333338
3200.0,4538,16984.927313
1600.0,5450,17028.844372
2400.0,5401,17090.728907
2400.0,5426,17144.422679
1600.0,5712,17199.111342
3200.0,3458,17231.400768
3200.0,4164,17258.534434
4800.0,10457,17328.472165
3200.0,5379,17365.303079
2400.0,6193,17406.850995
3200.0,8788,17465.330475
3200.0,7509,17517.718355
2400.0,6214,17590.92187
2400.0,4538,18047.594424
2400.0,3220,19412.225069
3200.0,2918,19452.311491
2400.0,7539,20512.291203
2400.0,4531,21475.871581
1600.0,3370,21517.727894
3200.0,4002,22583.239177
3200.0,5398,25184.326876
2400.0,4940,25253.643363
3200.0,5119,32340.248847
3200.0,13870,36126.66425
2400.0,4719,36187.764686
2400.0,8839,36303.428125
3200.0,5274,36371.870905
3200.0,6825,36440.579307
3200.0,6650,36498.51334
0.0,1791,36513.502118
3200.0,4940,36556.532273
4000.0,8464,36631.907172
4000.0,3774,36665.014388
1600.0,5431,36711.622217
2400.0,6226,38590.480701
3200.0,9902,38692.1527
3200.0,4941,38742.606964
2400.0,9752,38843.922331
2400.0,7538,40755.532567
1600.0,4756,40804.688859
3200.0,9707,40905.189695
4000.0,6882,40978.529392
3200.0,9450,43121.034384
2400.0,5715,46766.212437
3200.0,2092,46782.79554
3200.0,4942,50424.244004
0.0,686,50429.626369
3200.0,10269,54082.22982
4000.0,8232,56574.402028
3200.0,6840,57723.767145
2400.0,7482,61939.202956
2400.0,4961,68503.099742
3200.0,10196,75664.159544
2400.0,4530,77691.529783
1600.0,8790,79230.318805
3200.0,3361,79636.815624
4000.0,5174,82856.858081
2400.0,8556,86674.43725
3200.0,6184,86735.749306
3200.0,6240,86797.200026
1600.0,4170,86837.449209
4000.0,7760,86914.741791
2400.0,8848,87005.954985
3200.0,7033,87073.611094
800.0,5248,87122.710932
2400.0,6466,87184.055398
3200.0,8426,87264.801107
3200.0,6270,87324.902178
4000.0,6998,88860.500145
4000.0,3216,88907.345641
3200.0,6193,88981.611998
4000.0,9301,89070.586579
3200.0,7179,89146.057694
3200.0,5542,89195.695235
800.0,3628,89224.599054
4000.0,5522,89264.866167
3200.0,4663,89298.670006
2400.0,4467,89345.810777
3200.0,5249,89399.713309
3200.0,3525,89432.278861
2400.0,5679,89490.099976
1600.0,6522,89554.122608
3200.0,3955,89600.196718
2400.0,5258,89654.610606
2400.0,11377,89763.637862
3200.0,7582,89830.77981
2400.0,3107,89869.844392
4000.0,8883,89953.296813
3200.0,8894,90034.72664
3200.0,5376,90093.803453
2400.0,4376,90130.05403
4000.0,9769,90203.764876
2400.0,4506,90238.271865
2400.0,5755,90288.777563
3200.0,5616,90332.043302
3200.0,3995,90362.089762
3200.0,11059,90455.15348
4000.0,4217,90492.158609
2400.0,2860,90517.206653
2400.0,4145,90550.58511
2400.0,9733,90620.52132
4000.0,8594,90683.343268
4000.0,3834,90710.286266
3200.0,3452,90737.232151
4000.0,5680,90777.663606
2400.0,5288,90814.229964
3200.0,4744,90845.824231
3200.0,5177,90881.36816
4800.0,2511,90898.199044
2400.0,4432,90930.817454
2400.0,5633,90978.837131
4000.0,8749,91038.781282
3200.0,4824,91071.824541
2400.0,2309,91100.190502
4000.0,7089,91153.065089
4800.0,8578,91221.685767
3200.0,3173,91242.883557
4000.0,3923,91269.09243
3200.0,9904,91335.396223
3200.0,9123,91395.495705
3200.0,4692,91426.890637
3200.0,3460,91449.431538
2400.0,5277,91484.571106
5600.0,4997,91517.687078
3200.0,5185,91551.927548
4000.0,5750,91589.911584
4000.0,4256,91617.697944
3200.0,2385,91633.034664
2400.0,1679,91643.773483
5600.0,5121,91677.340403
2400.0,10153,91759.618257
3200.0,8890,91818.421225
4800.0,4753,91851.315129
4000.0,5065,91888.212504
4800.0,2694,91907.961191
3200.0,3361,91932.507854
3200.0,2740,91950.441854
3200.0,4166,91978.230868
3200.0,2812,91996.384435
4000.0,2227,92011.096555
3200.0,5529,92048.126879
4000.0,4032,92076.679728
2400.0,5049,92111.633488
4000.0,2821,92130.027303
3200.0,1834,92141.805391
3200.0,2824,92160.319707
3200.0,2814,92178.958338
4000.0,5973,92218.501462
4000.0,4445,92247.966974
4000.0,5638,92284.99159
3200.0,3092,92304.930843
4000.0,4988,92337.553029
4000.0,3527,92360.575079
3200.0,2181,92374.521536
3200.0,8440,92435.996352
4800.0,2644,92456.680966
3200.0,3382,92480.6714
3200.0,2704,92499.006257
3200.0,3778,92523.617352
4000.0,5969,92563.607951
3200.0,2755,92581.528809
4000.0,4599,92611.679542
3200.0,4256,92639.514184
4000.0,6823,92694.358814
2400.0,4058,92725.535424
4000.0,1630,92742.79026
2400.0,3396,92774.401141
4000.0,5705,92818.049539
3200.0,3440,92840.797566
3200.0,3067,92861.54024
1600.0,4001,92888.269503
3200.0,6973,92934.703681
4000.0,3901,92960.504451
2400.0,4742,92992.12703
4000.0,5561,93029.309087
3200.0,2616,93046.609051
4000.0,4576,93076.924735
4000.0,5012,93112.436455
4800.0,3146,93134.196147
4000.0,3091,93156.219241
3200.0,2259,93171.194468
3200.0,4906,93205.235842
3200.0,3385,93241.634791
4000.0,4382,93286.745959
4000.0,3065,93318.160369
1600.0,3244,93342.497705
4000.0,6251,93393.422491
4000.0,6942,93440.180518
4000.0,5780,93478.725185
4000.0,3692,93507.84647
4000.0,5973,93552.517699
4000.0,3048,93572.72547
4000.0,5400,93610.830701
3200.0,4940,93644.032852
2400.0,3984,93670.790348
2400.0,4401,93700.751428
3200.0,5185,93735.585134
1600.0,3926,93761.711525
4000.0,3283,93783.912204
3200.0,4045,93811.867353
0.0,1530,93824.018788
2400.0,3798,93850.209908
4000.0,6229,93893.077833
1600.0,2462,93911.740703
0.0,1716,93926.008423
3200.0,3764,93956.940842
3200.0,5740,94023.81166
3200.0,5390,94069.859666
3200.0,6196,94132.065419
3200.0,4566,94180.93055
4000.0,4001,94223.996214
2400.0,6260,94281.748891
2400.0,2812,94305.005523
5600.0,4401,94344.268617
3200.0,8290,94405.20517
3200.0,3368,94429.233493
3200.0,4724,94462.49005
2400.0,3778,94491.133672
2400.0,2571,94509.134878
3200.0,4822,94545.523833
4000.0,1739,94557.706399
4000.0,4629,94600.094899
4000.0,3017,94622.755413
2400.0,3662,94652.425924
3200.0,2308,94672.467175
4000.0,5506,94722.479035
2400.0,2961,94746.382686
0.0,912,94753.461771
4000.0,4627,94786.385375
3200.0,4647,94823.357803
2400.0,3595,94858.317916
3200.0,2126,94878.357521
4000.0,4987,94919.794036
3200.0,3852,94957.320531
4000.0,5728,95014.574767
4000.0,3834,95042.501907
2400.0,9372,95119.016794
3200.0,4148,95152.740925
4000.0,4436,95187.425502
2400.0,2794,95211.874346
4000.0,2786,95234.344365
1600.0,1944,95252.978303
2400.0,5406,95306.925356
4000.0,4609,95341.506826
4000.0,6046,95388.720686
4800.0,2505,95410.06278
3200.0,3603,95446.330391
3200.0,3314,95482.364082
3200.0,2493,95501.350112
3200.0,3775,95535.15945
3200.0,4279,95586.077144
2400.0,6418,95644.089584
4000.0,4677,95684.68444
4000.0,7013,95744.728388
3200.0,4726,95786.799351
4800.0,3153,95814.842846
4000.0,4093,95850.758651
3200.0,1605,95863.754965
3200.0,6116,95916.197162
3200.0,7321,95983.540394
1600.0,4051,96015.419049
3200.0,3767,96048.416927
4800.0,4015,96084.624953
3200.0,5041,96142.538299
4000.0,4737,96190.75716
4000.0,3448,96217.236371
3200.0,3746,96251.017648
4000.0,5667,96308.168976
4000.0,2470,96331.657616
3200.0,4745,96374.815499
4000.0,3418,96403.713308
3200.0,4812,96447.801973
3200.0,3434,96484.443196
4000.0,3241,96514.963528
4000.0,3719,96554.479699
4000.0,4255,96586.922848
3200.0,3302,96610.360162
2400.0,3038,96631.375715
3200.0,1975,96645.211854
3200.0,4565,96677.319055
3200.0,3962,96705.101781
4000.0,2031,96719.085453
4000.0,4737,96752.204153
4800.0,3225,96774.569674
4000.0,2791,96793.898082
4000.0,3526,96818.321197
3200.0,2404,96834.898646
4000.0,2539,96852.423766
4000.0,5720,96892.478461
4000.0,2292,96908.467631
3200.0,3195,96930.7158
3200.0,1835,96943.16393
3200.0,2294,96958.850172
3200.0,4403,96989.86074
4000.0,5338,97027.110523
3200.0,3062,97048.225613
4000.0,2536,97065.793936
3200.0,1793,97078.022182
4000.0,2595,97096.270256
5600.0,4887,97146.775327
4000.0,3068,97168.448589
4000.0,5835,97209.283388
4000.0,2703,97228.400087
4000.0,2572,97246.181934
2400.0,3717,97272.054739
3200.0,2200,97287.376502
4000.0,4448,97318.224727
4000.0,4217,97347.716629
4000.0,3634,97372.929143
4000.0,3885,97399.920694
4000.0,3092,97421.372205
4000.0,2677,97439.675697
3200.0,2435,97456.411897
3200.0,3073,97477.667921
4000.0,2296,97493.308776
5600.0,6669,97540.251713
4000.0,3840,97567.427156
4000.0,5074,97605.058749
3200.0,2342,97623.609529
3200.0,2993,97647.869103
4000.0,2203,97665.503224
3200.0,4494,97703.199613
4000.0,3133,97729.274551
1600.0,3148,97757.459634
4000.0,3605,97789.44609
3200.0,4474,97831.848755
2400.0,6225,97885.160661
4000.0,3445,97915.632795
4000.0,5114,97960.078697
4000.0,3666,97993.179884
4000.0,3159,98019.911176
4000.0,3458,98047.64169
4000.0,5717,98098.837563
4000.0,4958,98162.743182
3200.0,2000,98182.013247
4000.0,2581,98205.94826
4000.0,2754,98224.294602
4000.0,3638,98248.819364
3200.0,4017,98275.862128
4000.0,2238,98290.749915
3200.0,3079,98311.406138
4000.0,4874,98343.803218
4800.0,2241,98358.759847
3200.0,3877,98384.590182
4000.0,7818,98437.310003
4000.0,3471,98460.177862
3200.0,4254,98488.442876
4000.0,2897,98507.605013
4000.0,3275,98531.71529
3200.0,1809,98546.506756
5600.0,5703,98588.366769
4000.0,4003,98618.324887
3200.0,5245,98656.431624
1600.0,4181,98686.735538
4000.0,2458,98704.600219
4000.0,3891,98734.537216
4000.0,3771,98770.320167
4000.0,3303,98795.439644
3200.0,4403,98827.962822
4000.0,5863,98874.164211
4000.0,4637,98908.691055
3200.0,2707,98928.289812
4000.0,6091,98973.571587
4000.0,3433,98998.574288
3200.0,6113,99045.356654
3200.0,3085,99069.669532
4800.0,3114,99095.876134
4000.0,3399,99120.943273
4000.0,2754,99141.636014
4000.0,2329,99158.412459
4000.0,6653,99210.070547
4000.0,4075,99240.188635
4000.0,1913,99254.135387
4000.0,2781,99275.414967
4000.0,2675,99298.636828
4000.0,3420,99326.595247
4000.0,3638,99351.191209
4000.0,3119,99375.552154
4000.0,3469,99401.365293
4000.0,4356,99433.211697
4000.0,2628,99452.351247
4000.0,2587,99474.3098
3200.0,4560,99512.589583
4000.0,2938,99533.868456
4000.0,6533,99593.67959
3200.0,5400,99646.60627
4000.0,3567,99676.873796
3200.0,3977,99710.896914
4000.0,3159,99745.307403
4000.0,5161,99786.191215
4000.0,4893,99822.464012
3200.0,3672,99859.67864
4800.0,2100,99889.443365
1600.0,2761,99914.007121
4000.0,4216,99949.961075
2400.0,4922,99986.613504
2400.0,2033,100001.061727
4000.0,2199,100016.736096
2400.0,4048,100056.584136
4000.0,3534,100103.553041
3200.0,4940,100149.630751
3200.0,4851,100192.520579
3200.0,3651,100221.336107
3200.0,4169,100256.816961
4000.0,4432,100294.780488
4800.0,1711,100307.340521
4000.0,5252,100364.694389
4000.0,5011,100406.673904
4000.0,3081,100439.309245
4000.0,2863,100463.807528
2400.0,4773,100501.757769
4000.0,3629,100529.870047
4000.0,2731,100551.2933
3200.0,3921,100583.382765
3200.0,3253,100615.737377
2400.0,3060,100646.141485
4000.0,4127,100686.176654
4000.0,2530,100705.397375
4000.0,3002,100727.290466
4000.0,2186,100742.902106
3200.0,2261,100759.285754
4000.0,3432,100784.036501
3200.0,3578,100810.321727
3200.0,1716,100822.375132
4000.0,4378,100854.061943
800.0,1864,100867.104525
3200.0,2098,100882.469726
4000.0,4658,100916.748491
4000.0,3524,100947.301395
4000.0,3305,100983.307637
4000.0,5960,101047.469189
4000.0,2596,101080.050146
4000.0,2845,101103.290109
4000.0,3870,101134.086859
2400.0,3164,101169.617874
4000.0,3866,101207.181596
4000.0,3187,101233.939858
4000.0,1823,101249.036409
4000.0,3191,101277.285041
4000.0,1552,101290.759147
4000.0,1580,101303.266854
4000.0,2411,101325.030215
0.0,1347,101335.451296
2400.0,3163,101371.261661
3200.0,4256,101421.826071
1600.0,2059,101440.54978
4000.0,2676,101466.628169
4000.0,2776,101490.355083
1600.0,1729,101505.177762
0.0,2354,101523.338961
4000.0,2442,101541.72481
4000.0,2118,101561.080867
4000.0,1994,101576.486841
4000.0,1480,101586.505302
4000.0,1876,101599.718954
4000.0,1935,101612.992212
1600.0,3377,101635.939422
1600.0,1689,101648.035906
4000.0,3040,101669.242184
4000.0,1896,101682.495537
4000.0,2028,101696.280249
4000.0,2055,101709.892806
4000.0,1832,101722.040836
3200.0,2852,101740.995889
4000.0,2857,101759.725504
4000.0,1870,101771.875092
2400.0,1737,101783.813783
4000.0,2827,101803.00088
4000.0,2813,101821.841449
4000.0,3323,101843.798221
4000.0,1952,101856.601716
4000.0,2091,101870.529626
3200.0,2940,101890.837874
4000.0,3721,101916.507328
4000.0,2058,101930.145535
4000.0,2778,101948.60352
4000.0,2639,101965.952034
4000.0,2646,101983.210985
4000.0,2613,102000.183657
3200.0,3081,102020.482657
4000.0,1994,102033.426224
4000.0,3511,102056.507574
4000.0,1956,102069.063029
4000.0,2432,102084.875836
3200.0,4037,102111.406105
3200.0,2617,102128.530841
2400.0,2690,102146.123121
4000.0,2366,102161.718794
4000.0,3435,102184.297809
4000.0,1890,102196.485444
3200.0,1781,102207.993173
4000.0,2865,102226.531211
5600.0,2531,102242.762114
3200.0,2430,102258.723589
4000.0,2650,102276.024241
4000.0,2541,102292.512294
4000.0,2804,102310.635394
4000.0,1879,102322.846567
4000.0,2951,102341.926846
4000.0,2181,102355.989691
4000.0,2668,102373.316083
4000.0,2459,102389.355966
4000.0,2163,102403.26555
3200.0,2504,102419.296842
2400.0,1491,102428.87483
1600.0,1814,102440.515853
4000.0,2533,102457.172823
3200.0,2559,102473.726766
4000.0,2407,102489.668395
4000.0,2904,102509.034254
4000.0,3841,102534.423623
4000.0,2100,102548.094859
3200.0,4805,102579.780065
4000.0,2380,102595.22065
2400.0,2406,102610.841708
2400.0,2809,102629.231956
4000.0,2208,102643.471601
5600.0,3041,102663.109696
4000.0,2201,102677.399234
3200.0,3092,102697.559326
4000.0,1556,102707.657807
4000.0,2185,102721.77695
3200.0,1428,102730.731985
4000.0,1896,102743.000137
4000.0,2679,102760.570951
3200.0,3254,102783.619271
4000.0,2954,102803.138637
3200.0,3728,102827.610918
4000.0,2397,102843.331412
4000.0,2168,102857.705322
4000.0,1975,102870.620649
3200.0,2030,102883.873648
2400.0,4967,102916.580577
4000.0,2177,102930.712708
4000.0,2775,102948.641666
4000.0,2203,102962.860408
4000.0,2171,102976.974754
4000.0,3301,102998.759862
4000.0,3495,103021.665171
4000.0,2088,103035.446479
4000.0,2202,103049.801011
4000.0,2035,103063.04167
4000.0,2418,103078.73521
4000.0,1864,103090.894893
4000.0,3051,103110.867006
4000.0,2868,103129.566155
4000.0,2658,103146.837882
3200.0,5398,103182.702272
3200.0,2726,103200.660806
2400.0,3475,103223.566855
2400.0,2707,103241.249104
3200.0,4142,103269.120502
4000.0,2190,103285.26608
4000.0,1910,103300.405447
4000.0,3121,103321.795144
4000.0,3635,103345.518831
4000.0,2635,103362.685933
4000.0,2937,103384.976153
4000.0,4369,103413.510164
4000.0,1707,103424.396399
4000.0,2562,103440.893173
4000.0,3006,103460.352092
3200.0,7323,103508.493666
4000.0,2442,103524.31904
4000.0,3125,103544.738
3200.0,2449,103560.377414
3200.0,2715,103578.139678
4000.0,1922,103590.494787
4000.0,3088,103610.649701
4000.0,2366,103625.837751
4000.0,2143,103639.657698
4000.0,1803,103651.286201
4000.0,3096,103672.884816
4800.0,2139,103686.686481
3200.0,2716,103704.348986
4000.0,1859,103716.307862
4000.0,2045,103729.384998
4000.0,2869,103748.193681
4000.0,3409,103770.372581
3200.0,2136,103784.182158
3200.0,1803,103795.638347
4000.0,2289,103810.317397
4000.0,2688,103827.84199
4000.0,3010,103847.84438
4000.0,2207,103862.122471
4000.0,3386,103884.090482
0.0,847,103889.260427
4000.0,2848,103907.671956
3200.0,2026,103920.637439
2400.0,2222,103935.078747
4000.0,2169,103949.00379
4000.0,2356,103964.219534
4000.0,1626,103974.512976
4000.0,3129,103994.993114
4000.0,1898,104007.01984
4000.0,2323,104021.889094
3200.0,2761,104039.90468
4000.0,2632,104056.872706
4000.0,2769,104074.934171
4000.0,1639,104085.424734
4000.0,1656,104095.873065
4000.0,2748,104113.63268
3200.0,2478,104129.740362
4000.0,2756,104147.538152
4000.0,2093,104160.913442
4000.0,2268,104175.700441
2400.0,2018,104188.71442
4000.0,1867,104200.734495
4000.0,2194,104214.886887
4800.0,2985,104234.347352
4000.0,2685,104251.734448
4000.0,3315,104273.43814
4000.0,2616,104290.338568
4000.0,2439,104306.089022
4000.0,2453,104321.941804
4000.0,1839,104333.863922
4000.0,4139,104361.068272
4000.0,3672,104384.909807
4000.0,2134,104398.495315
4000.0,3124,104418.73479
4000.0,3049,104438.520949
4000.0,2629,104455.577853
4000.0,2234,104469.927378
3200.0,2735,104490.377846
4000.0,2162,104510.683335
3200.0,3979,104545.290886
4000.0,1700,104557.724509
4000.0,3253,104581.579236
1600.0,2470,104599.592715
4000.0,1993,104614.555203
4000.0,2523,104634.852273
4000.0,2128,104652.781513
4000.0,2582,104672.30313
4000.0,2144,104688.723228
4000.0,2089,104706.002295
3200.0,1501,104718.864025
3200.0,3593,104747.638421
4000.0,2396,104768.785666
4000.0,1646,104788.775512
4000.0,3728,104823.992967
4000.0,2136,104842.440621
2400.0,3264,104869.443541
4000.0,3360,104898.44244
4000.0,2723,104921.084392
5600.0,2666,104940.734099
4800.0,2114,104958.546727
4000.0,2406,104982.024789
4000.0,2274,105008.409014
4000.0,2097,105028.892544
4000.0,1961,105046.021619
4000.0,2153,105065.015652
6400.0,2528,105094.026114
4000.0,2986,105122.06029
4000.0,3442,105147.435527
4000.0,2676,105165.225132
4000.0,2360,105182.434664
4000.0,1784,105195.142247
4000.0,2785,105218.972605
4000.0,2530,105235.688524
2400.0,2164,105250.092995
4000.0,3153,105270.805785
4000.0,2180,105284.838765
3200.0,2490,105303.749471
2400.0,2799,105326.637979
4000.0,2345,105342.723574
2400.0,2428,105359.51027
4000.0,1875,105372.490351
4000.0,4750,105404.642385
3200.0,2832,105422.966824
4000.0,3563,105446.322163
4000.0,2384,105461.693575
3200.0,2430,105480.082991
4000.0,1880,105497.866288
4000.0,2418,105524.297034
4000.0,2571,105546.60996
4000.0,1424,105557.907766
3200.0,2873,105579.801527
4000.0,2175,105599.412618
4000.0,1869,105613.34076
4000.0,1664,105624.536534
1600.0,1282,105633.003297
5600.0,3053,105665.245009
4000.0,1714,105679.984792
4000.0,2057,105695.738229
4000.0,1414,105705.33038
4000.0,1862,105718.353787
4000.0,2187,105732.997512
4000.0,2598,105750.851291
3200.0,3136,105772.845129
4000.0,2949,105792.123787
4000.0,3336,105814.214114
4000.0,1980,105827.323929
4000.0,1595,105838.705307
4000.0,1902,105850.828919
4000.0,2357,105866.350409
3200.0,2443,105883.308268
4000.0,2623,105902.482389
3200.0,3250,105924.495247
4000.0,2293,105950.235444
4000.0,2260,105971.417064
4000.0,2282,105996.519985
4000.0,3090,106022.993545
4000.0,3224,106050.438722
0.0,703,106056.199334
3200.0,2284,106077.785487
0.0,839,106084.938641
3200.0,2295,106105.115739
4000.0,3531,106136.132409
4000.0,2010,106154.31849
4000.0,2313,106173.065047
3200.0,2936,106196.225682
4000.0,2284,106214.876447
4000.0,1560,106228.652771
4000.0,2782,106250.198858
3200.0,2008,106266.81107
4000.0,1696,106280.425199
800.0,1578,106298.075712
3200.0,1554,106311.370795
3200.0,2598,106334.829546
4000.0,1835,106348.011638
4000.0,1690,106363.79127
4000.0,1851,106381.565568
4000.0,3008,106404.159913
2400.0,2091,106418.23827
800.0,1229,106426.204434
4000.0,2673,106444.876249
4000.0,1951,106458.170169
4000.0,3022,106484.788447
4000.0,2163,106508.877779
4000.0,3215,106535.632099
800.0,1765,106547.546009
4000.0,2551,106564.493105
1600.0,2493,106580.853761
4000.0,1646,106591.556531
4000.0,2134,106605.841683
4000.0,3381,106628.052452
4000.0,2198,106642.196635
3200.0,3651,106666.170514
4000.0,4557,106696.369111
2400.0,1716,106707.433098
4000.0,2871,106726.2149
2400.0,4140,106753.56506
4000.0,2292,106768.398535
2400.0,2475,106784.492819
2400.0,4258,106812.468991
4000.0,2759,106830.606522
4000.0,2211,106844.822771
4000.0,2636,106862.076376
4000.0,2780,106880.667572
4000.0,2402,106897.623364
4000.0,2878,106916.348035
4000.0,2106,106929.962669
2400.0,3625,106953.653689
4000.0,2376,106968.944075
3200.0,3196,106989.753086
1600.0,2805,107007.97284
4000.0,1790,107019.62606
4000.0,3571,107042.742998
2400.0,2457,107058.572845
4000.0,2359,107073.884833
2400.0,3068,107093.834282
4000.0,2012,107106.884409
4000.0,2375,107122.29944
4000.0,3883,107148.009697
4000.0,2776,107166.078019
4000.0,2225,107180.686544
5600.0,2530,107197.227982
3200.0,1990,107209.912958
4000.0,2366,107225.837152
3200.0,3279,107247.317387
4000.0,1879,107259.459137
4000.0,3426,107281.942652
2400.0,5260,107316.18285
3200.0,2187,107330.287785
4000.0,3425,107352.51225
3200.0,2617,107369.64411
3200.0,4681,107400.605667
4000.0,2070,107414.089199
2400.0,3076,107435.094021
1600.0,2429,107451.051381
4000.0,2159,107465.113461
4000.0,2134,107479.206491
4000.0,2208,107493.489748
4000.0,1946,107505.796093
4000.0,2644,107522.927799
1600.0,2410,107538.318671
1600.0,3275,107559.687736
2400.0,2839,107577.93302
4000.0,3850,107603.154185
3200.0,2590,107620.010295
3200.0,3303,107641.527569
4000.0,2194,107655.644438
4000.0,1793,107667.145248
4000.0,2852,107685.73185
4000.0,4744,107716.933571
4000.0,2735,107735.796145
4000.0,2716,107753.421739
4000.0,2841,107772.15505
4000.0,2358,107787.58935
4000.0,1795,107799.147731
4000.0,3025,107819.036889
4000.0,2234,107833.532735
4000.0,2196,107847.667711
4000.0,3513,107870.605895
4000.0,2515,107887.633612
4000.0,2161,107901.596975
4000.0,2361,107916.99828
4000.0,1871,107929.067513
4000.0,2362,107944.587963
4000.0,3171,107965.344105
4000.0,2056,107978.580205
4000.0,1858,107990.42471
4000.0,2060,108003.68902
3200.0,4812,108035.387791
4000.0,1882,108047.28046
4000.0,3267,108068.678325
4000.0,2727,108086.397071
4000.0,4104,108113.303932
4000.0,2550,108129.581271
4000.0,3996,108155.894485
1600.0,1091,108162.981645
4000.0,1985,108175.837704
4800.0,2139,108189.622071
5600.0,2160,108203.641558
4000.0,2932,108222.990075
4000.0,1857,108234.913742
3200.0,1838,108246.726335
4000.0,1930,108259.218639
2400.0,3923,108284.768386
4000.0,2737,108302.557713
4000.0,2685,108320.059683
1600.0,2216,108334.978665
1600.0,2323,108350.276102
4000.0,2651,108367.465235
3200.0,2284,108381.929982
4000.0,2880,108400.536948
4000.0,2392,108415.844146
4000.0,1868,108427.906588
4000.0,1839,108439.642733
4000.0,2058,108452.842095
4000.0,2501,108468.796082
4000.0,3170,108489.505045
4000.0,3806,108514.28903
3200.0,5817,108552.261628
3200.0,3110,108572.506732
3200.0,3113,108592.500479
4000.0,1950,108605.090128
4000.0,2217,108619.287281
3200.0,4434,108648.235712
2400.0,2683,108665.499425
4000.0,2124,108679.155971
2400.0,7753,108729.918928
4000.0,3845,108755.10931
4000.0,2689,108772.460666
3200.0,2690,108789.713558
3200.0,3398,108811.698364
4000.0,1850,108823.665018
4000.0,3004,108843.190075
3200.0,3196,108863.950505
4000.0,2147,108877.774082
4000.0,1875,108889.761335
5600.0,1705,108900.687801
4000.0,2378,108915.984734
4000.0,3695,108940.005909
4000.0,5286,108974.553569
4000.0,3583,108997.888302
2400.0,2818,109016.113374
3200.0,2939,109035.005996
3200.0,4773,109066.141986
4800.0,2192,109081.593354
2400.0,1731,109092.60536
5600.0,3772,109117.1864
4000.0,2241,109131.589287
3200.0,2310,109146.462457
4000.0,4027,109172.772339
4000.0,2348,109187.834863
4000.0,3412,109209.952955
3200.0,2740,109227.717977
4800.0,2159,109241.847193
4000.0,3092,109261.819466
0.0,749,109266.225842
3200.0,1550,109276.169768
2400.0,7542,109325.710322
1600.0,1645,109336.107567
4000.0,2068,109349.497694
2400.0,2739,109367.118128
4000.0,2903,109385.940846
4000.0,2331,109400.858358
4000.0,3535,109423.894601
4000.0,2774,109441.703844
4000.0,2369,109456.883416
4000.0,1840,109468.729529
4000.0,1742,109479.766694
4000.0,3296,109501.103091
3200.0,3923,109526.602858
3200.0,5259,109561.061449
3200.0,4034,109587.147413
4000.0,1997,109599.880804
3200.0,3101,109619.822076
4000.0,2442,109635.562797
3200.0,2411,109651.172694
2400.0,1983,109663.901989
4000.0,2822,109682.092817
3200.0,7700,109732.363055
5600.0,3750,109756.716269
4000.0,3766,109781.212405
2400.0,4189,109808.796514
4000.0,3305,109830.182026
4000.0,3543,109853.020178
4000.0,2766,109870.851246
3200.0,2090,109884.127463
4000.0,2797,109902.188556
4000.0,3175,109922.674944
4000.0,1582,109932.587987
800.0,1708,109943.481543
3200.0,3500,109966.050862
4000.0,3987,109992.015705
4000.0,2228,110006.281215
4000.0,3177,110026.7606
4000.0,2066,110039.891478
4000.0,2134,110053.656356
4000.0,2181,110067.559777
4000.0,3201,110088.431572
3200.0,7559,110139.172468
4000.0,1873,110151.460602
4000.0,1873,110163.973344
4000.0,2206,110179.221679
1600.0,1130,110186.348965
4000.0,1683,110197.295232
3200.0,2979,110216.558337
4000.0,2810,110234.763756
4000.0,1590,110244.789477
2400.0,3070,110264.611108
4000.0,3204,110285.257209
4000.0,1641,110295.778139
4000.0,3465,110318.173015
4000.0,1592,110328.247117
4000.0,4843,110359.873675
4000.0,3522,110382.692423
4000.0,3970,110408.361907
4000.0,2851,110426.865478
4800.0,3943,110452.520801
3200.0,4951,110484.944431
4000.0,1996,110499.142843
4000.0,3834,110524.054853
4000.0,4596,110554.143039
3200.0,2949,110573.207417
4000.0,4320,110601.402564
3200.0,5286,110636.054276
4000.0,1983,110648.679259
4000.0,3064,110668.493902
4000.0,3018,110688.019775
4000.0,2752,110705.757983
3200.0,3609,110729.12678
4000.0,2719,110746.548042
4000.0,1845,110758.245733
4000.0,2329,110773.227985
4000.0,4234,110800.715506
5600.0,3799,110825.412091
2400.0,2017,110838.218511
2400.0,3459,110860.850642
7200.0,2425,110876.582475
4000.0,1842,110888.398186
4000.0,2795,110906.442055
4000.0,1913,110918.543626
4000.0,2702,110935.809673
4000.0,1891,110948.199011
4000.0,2276,110963.321904
3200.0,5042,110996.298513
4000.0,2457,111012.072672
4000.0,2543,111028.392407
4000.0,3304,111050.201045
1600.0,1676,111060.934715
3200.0,4468,111090.070008
4000.0,4783,111121.230323
4000.0,2804,111139.53324
5600.0,3299,111160.750314
1600.0,1315,111168.994832
4000.0,2239,111183.195775
1600.0,1864,111195.092299
4000.0,3710,111219.035094
4000.0,3235,111239.821133
4000.0,2272,111254.326556
4000.0,2017,111267.092208
4000.0,2331,111281.987409
5600.0,3069,111301.773747
4000.0,4187,111328.890425
4000.0,3028,111348.407785
4000.0,3453,111370.639636
4000.0,4130,111398.061545
4000.0,2436,111413.861955
4000.0,4214,111441.198425
3200.0,4878,111472.886607
4000.0,2539,111489.236996
4000.0,4084,111515.664049
4000.0,2721,111533.223568
4000.0,3620,111556.645588
4000.0,2319,111571.680034
4000.0,2739,111589.233415
4000.0,3843,111614.003317
5600.0,3576,111637.068794
4000.0,2171,111650.87327
4000.0,2505,111666.967849
4000.0,2720,111684.344354
3200.0,6193,111724.679991
4000.0,5673,111761.562056
4000.0,5272,111795.762734
4800.0,3711,111819.881021
4000.0,2367,111835.007484
4000.0,6359,111876.497535
4000.0,2064,111889.569654
4000.0,2828,111907.814107
4000.0,2952,111926.761812
4800.0,5068,111959.867632
4000.0,4055,111986.294026
4000.0,3749,112010.524194
4000.0,2719,112028.304397
4000.0,2354,112043.440581
4000.0,5236,112077.571996
3200.0,5755,112114.870212
4000.0,3224,112135.618824
4000.0,3399,112157.618684
4800.0,5175,112191.341847
4000.0,2149,112205.16667
4000.0,3633,112228.703331
4000.0,3218,112249.564194
4000.0,4218,112276.95009
4000.0,4596,112306.700036
2400.0,5289,112341.266188
3200.0,3356,112362.810154
4000.0,3081,112382.801113
4000.0,2786,112400.624706
4000.0,3430,112422.654684
3200.0,4263,112450.339072
4000.0,5856,112488.702826
4000.0,2664,112505.803663
4000.0,3528,112528.644749
4000.0,2906,112547.438778
2400.0,3076,112567.136182
4000.0,2582,112583.717733
4000.0,2052,112596.946078
4000.0,3674,112620.652271
4000.0,1975,112633.214288
4000.0,3215,112653.948687
4000.0,2006,112666.702283
4000.0,2383,112682.014831
4000.0,3270,112703.173609
4000.0,4961,112735.567824
4000.0,1984,112748.191384
3200.0,3944,112773.906836
4000.0,1470,112783.277972
4000.0,2372,112798.37048
4000.0,2800,112816.521985
2400.0,4213,112843.904062
4000.0,3463,112866.257499
4000.0,2479,112882.925968
3200.0,3113,112903.234132
4000.0,3342,112924.908656
1600.0,1550,112934.826006
4000.0,5537,112971.197571
4000.0,1861,112982.970034
2400.0,4997,113015.710287
4000.0,2560,113032.183188
4000.0,4902,113064.209488
4000.0,2998,113083.52969
4000.0,3756,113107.86485
4000.0,2884,113126.473184
4000.0,4196,113153.799594
4000.0,5103,113187.150714
4000.0,3189,113207.808822
3200.0,3610,113231.181875
2400.0,3420,113253.720222
4000.0,2831,113272.111996
4000.0,2209,113286.33186
3200.0,4915,113318.493696
4000.0,4155,113345.671221
4000.0,4073,113372.273597
4000.0,3773,113396.764239
4000.0,2857,113415.246647
4000.0,4974,113447.533662
4000.0,5667,113484.566772
4000.0,2051,113497.709024
4000.0,2097,113511.183086
4000.0,4808,113542.461364
4000.0,4092,113569.023819
4000.0,3428,113591.234296
4000.0,2875,113609.75423
4000.0,4953,113641.968926
4000.0,2834,113660.292769
4000.0,4747,113691.324822
4000.0,1920,113703.630861
4000.0,5287,113738.081231
4000.0,2968,113757.497362
4000.0,2124,113770.963793
5600.0,3228,113792.174085
4000.0,2245,113806.495234
4000.0,3455,113828.820059
3200.0,2710,113846.233168
4000.0,3235,113867.169117
4000.0,3232,113888.042402
4000.0,3481,113910.692684
4000.0,2494,113926.766438
4000.0,3825,113951.684897
4000.0,2173,113965.57434
4000.0,2082,113979.023522
4000.0,2947,113997.976521
4000.0,4608,114028.147628
4000.0,2743,114045.834138
4000.0,3180,114066.7217
4000.0,4540,114099.006419
4800.0,2541,114116.078893
4000.0,2146,114130.993209
4000.0,2173,114145.325365
4000.0,3400,114167.439992
4000.0,3165,114188.003125
4000.0,2832,114206.268272
3200.0,4198,114233.611733
3200.0,4905,114265.511718
4000.0,2595,114282.30949
4000.0,3218,114303.159141
4000.0,2844,114321.543494
4000.0,3174,114342.209973
3200.0,3350,114364.048711
5600.0,2484,114380.062501
3200.0,4849,114411.959831
4000.0,2283,114426.62299
4000.0,3296,114447.917552
4000.0,2170,114461.829482
2400.0,2518,114478.024567
2400.0,3162,114498.494818
4000.0,2666,114515.679546
5600.0,4105,114542.333592
4000.0,3199,114563.123818
4000.0,1867,114575.080737
4000.0,5787,114612.954844
4000.0,2382,114628.641031
3200.0,3253,114649.592232
4000.0,2172,114663.465896
3200.0,6842,114708.303601
3200.0,5200,114742.182628
2400.0,7740,114792.793904
5600.0,3780,114817.446914
4000.0,1994,114830.266198
4000.0,2054,114843.371877
4000.0,6265,114884.41862
4800.0,3542,114907.232331
4000.0,3823,114932.125057
4000.0,1571,114942.070974
4000.0,2154,114955.788827
2400.0,4391,114984.256681
4800.0,2689,115001.590909
4800.0,2129,115015.251287
4000.0,2195,115029.449596
4000.0,3596,115052.799093
4000.0,2046,115065.83658
4000.0,2063,115079.090886
4000.0,2696,115096.536312
4000.0,1901,115108.802149
4000.0,5182,115142.874174
3200.0,3737,115167.097356
4000.0,2382,115182.350378
4000.0,2927,115201.263858
4000.0,3150,115221.532086
3200.0,4577,115251.277953
4000.0,3592,115274.567472
5600.0,3174,115294.996255
4000.0,5007,115327.655356
4000.0,3718,115351.844864
3200.0,4508,115381.246934
3200.0,3052,115401.082302
4000.0,2809,115419.288749
4000.0,1825,115430.750649
4000.0,2756,115448.445961
4000.0,3350,115470.197766
4000.0,2170,115484.161652
3200.0,4387,115514.13607
4000.0,2848,115533.738568
4000.0,2027,115547.822367
4000.0,4398,115578.748914
4000.0,2898,115597.563243
4000.0,3093,115617.574489
3200.0,4425,115646.37847
4000.0,1755,115657.739182
4000.0,2565,115674.388427
4000.0,3940,115699.883615
2400.0,2945,115718.983944
4000.0,3705,115743.141648
4000.0,3556,115766.137762
4000.0,2193,115780.314708
4000.0,2312,115795.150312
4000.0,5196,115829.169286
4000.0,3053,115848.998429
4000.0,2794,115867.080306
1600.0,1689,115877.879091
3200.0,6232,115918.665379
3200.0,2919,115937.362124
3200.0,4058,115963.872904
3200.0,2742,115981.535421
4000.0,2178,115995.536293
4000.0,3053,116015.383785
4000.0,2815,116033.47005
4000.0,2287,116048.293093
5600.0,2924,116067.223673
4000.0,3749,116091.650442
4000.0,1703,116102.574736
3200.0,2270,116117.03484
4000.0,2881,116135.729763
4000.0,2274,116150.384689
4000.0,1928,116162.766727
4000.0,1797,116174.059635
4000.0,2872,116192.911605
4000.0,2704,116210.299267
4000.0,2819,116228.428905
4000.0,2330,116243.277203
3200.0,2410,116258.863816
2400.0,2663,116276.050232
4000.0,1639,116286.434351
4000.0,2858,116304.92748
4000.0,1859,116316.744178
4000.0,2478,116333.687264
4000.0,1939,116346.66112
1600.0,2447,116363.17897
5600.0,3264,116385.314125
4000.0,2803,116404.476009
4000.0,4868,116437.521049
4000.0,3833,116462.822516
4000.0,2984,116482.469205
4000.0,3654,116506.882201
4000.0,1910,116519.355522
4000.0,3018,116539.158559
2400.0,3945,116565.425234
4000.0,3750,116590.357396
4000.0,3226,116611.845373
4000.0,3735,116636.64312
4000.0,2105,116650.261161
4000.0,3353,116672.67282
5600.0,2859,116691.628081
1600.0,3182,116712.726785
4000.0,2195,116727.506932
2400.0,4393,116758.805014
4000.0,2466,116775.161455
4000.0,4444,116804.902625
4000.0,2493,116821.063974
5600.0,3451,116843.345138
4000.0,1662,116853.878592
3200.0,2574,116870.527011
4000.0,2918,116889.243507
4000.0,4882,116921.36259
7200.0,4048,116947.712654
4000.0,2215,116961.882777
4000.0,3216,116982.700888
4000.0,3427,117005.189961
3200.0,5011,117037.913077
4000.0,4535,117067.600369
4000.0,1936,117079.957475
4000.0,5645,117116.854398
4000.0,4666,117147.368342
4000.0,5817,117185.421902
2400.0,3236,117206.396222
4000.0,3086,117226.215741
4000.0,2869,117244.608987
4000.0,2965,117264.105592
4000.0,2799,117282.206349
4000.0,2027,117295.138899
2400.0,3332,117316.743559
3200.0,2928,117335.507244
3200.0,3052,117355.395202
4000.0,3322,117376.938855
4000.0,2649,117394.033997
3200.0,2419,117409.419818
4000.0,4347,117437.617224
4000.0,4264,117465.328754
3200.0,2451,117480.984734
3200.0,2158,117494.852467
4000.0,5055,117528.256979
3200.0,3510,117550.99741
4000.0,3008,117570.465549
5600.0,1980,117583.106589
4000.0,1843,117594.824003
4000.0,3181,117615.373343
4000.0,1837,117627.109733
4000.0,4320,117655.084071
4800.0,3216,117676.105999
4000.0,2690,117694.689265
3200.0,4722,117725.420906
4000.0,3827,117750.380859
4000.0,2591,117766.960359
3200.0,7487,117816.285444
4000.0,2590,117832.978033
4000.0,3711,117857.058451
4000.0,6171,117897.365183
2400.0,3434,117919.515505
4000.0,5319,117954.199403
4000.0,3594,117977.495083
4000.0,2170,117991.374843
4000.0,3088,118011.382438
4000.0,2635,118028.686443
3200.0,5230,118062.905241
4000.0,4415,118091.594941
4000.0,2732,118109.257264
4000.0,4858,118140.956925
4000.0,3829,118165.829695
4000.0,1899,118177.864769
4000.0,1873,118189.861422
4000.0,4881,118221.587894
3200.0,3463,118244.034575
4000.0,2355,118259.443764
4000.0,6515,118302.182728
4000.0,2525,118318.530107
4000.0,3309,118340.112096
3200.0,3309,118361.584198
4000.0,2558,118378.053854
4000.0,3563,118401.111769
4000.0,3981,118426.856785
4000.0,2207,118440.98226
4000.0,6117,118480.893754
2400.0,2715,118498.310358
4000.0,2788,118516.306168
4000.0,3357,118537.928879
2400.0,3395,118559.80301
4000.0,3027,118579.450736
4000.0,3222,118600.353396
4800.0,4882,118632.032848
3200.0,3079,118651.948948
3200.0,4772,118683.012532
4000.0,3409,118705.011505
4000.0,4324,118733.158955
4000.0,1706,118744.082734
4000.0,3613,118767.539796
4000.0,3703,118791.452819
4000.0,3606,118814.912791
4000.0,5102,118848.328958
4000.0,2364,118863.358779
4000.0,2864,118881.808255
4800.0,5624,118918.349362
4000.0,3577,118941.422954
4000.0,3252,118962.577969
2400.0,3230,118983.523294
4000.0,2677,119000.801086
4000.0,4709,119031.457773
4000.0,6694,119075.06988
4000.0,2454,119090.758534
4000.0,4559,119120.502697
4000.0,1821,119132.11832
4000.0,2196,119146.539807
4000.0,2822,119164.808454
4000.0,1865,119176.622242
1600.0,847,119181.616131
3200.0,2744,119199.263862
4000.0,3008,119218.803241
4000.0,3026,119238.294411
4000.0,5325,119273.112238
4000.0,2207,119287.163828
4000.0,1944,119299.716725
3200.0,2190,119313.729692
4000.0,4602,119343.599868
4000.0,2908,119362.099806
4000.0,4588,119392.109123
4000.0,3112,119412.318102
4000.0,5646,119449.283552
4000.0,2682,119466.58351
4000.0,2195,119480.694814
4000.0,2810,119498.85476
3200.0,3736,119523.093128
3200.0,9666,119586.247572
4000.0,2716,119603.881099
4000.0,2226,119618.164651
4000.0,2393,119633.356655
4000.0,2126,119647.13643
4000.0,2099,119660.405431
4000.0,6047,119699.836626
4800.0,3422,119721.816166
4000.0,4548,119751.473867
4000.0,4008,119777.547729
4000.0,3932,119803.096314
5600.0,3239,119823.891587
4000.0,4041,119850.180528
4000.0,2805,119868.280355
4000.0,3618,119891.685087
4000.0,2185,119905.83447
5600.0,4663,119936.049532
4000.0,5346,119971.12472
4000.0,4546,120000.793205
2400.0,4002,120026.668309
3200.0,3661,120050.677947
3200.0,4759,120081.476031
5600.0,4241,120108.858631
3200.0,2735,120126.378056
4000.0,2960,120145.531222
3200.0,1769,120156.713928
4000.0,3870,120181.899979
4000.0,3619,120205.488324
4000.0,4324,120233.545467
4000.0,2290,120248.143319
2400.0,2070,120261.30563
4000.0,3315,120282.81738
4000.0,3484,120305.319317
4000.0,3926,120330.865521
4000.0,2050,120343.995236
4000.0,1848,120355.791469
4000.0,3320,120377.303816
4000.0,1833,120388.9783
4000.0,2837,120407.225588
4000.0,4792,120438.683505
4000.0,2581,120455.507381
4000.0,3745,120479.8412
4000.0,6768,120524.167606
4000.0,3369,120546.41263
3200.0,4549,120575.978181
4000.0,5938,120614.908003
4000.0,4804,120646.13827
4000.0,3895,120671.458332
4000.0,2200,120685.606576
4000.0,3850,120710.851068
4000.0,2269,120725.28148
4000.0,4203,120752.679492
2400.0,1622,120762.930504
4000.0,5084,120796.006148
4000.0,3021,120815.57805
3200.0,2270,120829.974163
4000.0,3692,120854.156811
3200.0,6050,120893.501677
4800.0,1912,120905.809147
4000.0,2967,120924.996606
5600.0,5268,120961.108813
4000.0,3317,120982.454639
4800.0,2607,120999.288853
3200.0,2930,121018.114948
3200.0,2531,121034.442073
1600.0,3046,121054.131034
4000.0,4894,121086.015287
4000.0,2995,121105.358034
4000.0,3453,121127.858138
3200.0,4516,121157.235571
4000.0,1923,121169.474671
4000.0,5051,121202.240901
3200.0,5233,121236.507347
4000.0,1482,121245.855934
4000.0,2765,121263.796538
4000.0,3083,121283.712516
4000.0,3820,121308.630825
1600.0,3245,121330.769545
1600.0,2154,121344.525189
4000.0,2582,121361.162822
4000.0,6749,121405.224874
3200.0,4002,121431.303121
4000.0,1782,121443.538157
4000.0,1923,121456.112356
4000.0,4443,121484.910993
3200.0,4684,121515.545807
4000.0,2518,121531.771083
4000.0,2659,121548.95777
4000.0,5211,121582.914088
4000.0,4780,121613.954714
4000.0,2331,121629.020649
4000.0,1635,121639.379592
4000.0,3072,121659.294879
4000.0,1608,121669.413144
4000.0,3110,121689.521687
1600.0,2316,121704.464382
4000.0,3204,121725.052641
4000.0,2182,121739.053534
3200.0,2948,121758.076115
4000.0,3577,121781.22433
4000.0,1832,121792.855434
4000.0,2418,121808.408427
5600.0,2696,121825.796503
4000.0,2965,121844.943303
4000.0,3135,121865.493958
4000.0,2023,121878.364498
2400.0,5663,121915.208538
4000.0,3702,121939.161875
3200.0,3996,121965.286315
7200.0,2551,121981.778807
4000.0,3412,122003.942048
4000.0,2046,122017.103467
4000.0,2322,122032.12757
4000.0,2209,122046.227819
3200.0,2456,122061.964307
4000.0,5098,122095.054695
4000.0,2784,122113.073844
4000.0,1619,122123.368256
6400.0,3454,122145.8482
4000.0,2973,122165.059389
4000.0,4000,122191.156512
4000.0,2785,122209.099734
4000.0,1859,122220.932509
4000.0,4083,122247.560762
4000.0,2382,122262.837976
5600.0,2845,122280.999803
4000.0,2592,122298.00311
4000.0,5048,122330.94532
4000.0,3779,122355.482534
4000.0,1866,122367.529339
4000.0,3308,122389.053675
4000.0,4521,122418.480419
4000.0,2637,122435.375945
3200.0,3246,122456.38562
4000.0,3833,122481.41995
4000.0,2650,122498.46166
4000.0,6054,122537.991797
4800.0,6500,122580.822898
4000.0,1345,122589.169798
5600.0,2833,122607.577359
4000.0,5234,122641.673887
4800.0,4964,122674.04693
4000.0,2695,122691.356205
5600.0,3530,122715.55771
4000.0,2526,122734.000815
4000.0,3581,122757.292645
4000.0,3524,122780.163728
4000.0,2153,122793.893386
4000.0,2050,122806.896868
4000.0,2042,122820.152337
4000.0,1738,122831.089113
4000.0,3794,122855.763292
4000.0,3069,122875.610587
3200.0,1393,122884.282032
4000.0,5485,122920.05408
4000.0,2962,122939.110223
4000.0,3686,122962.964021
3200.0,4179,122990.095996
4000.0,2362,123005.322313
4000.0,2282,123019.989818
4000.0,2175,123033.954049
5600.0,2159,123047.809676
4000.0,2270,123062.484929
2400.0,2296,123077.30049
5600.0,6048,123116.989949
4000.0,2890,123135.707466
4000.0,5011,123168.408496
4000.0,2791,123186.379935
4000.0,4225,123213.762016
4000.0,3588,123237.077055
4000.0,5090,123270.404653
3200.0,6523,123313.126656
3200.0,4253,123340.914561
4000.0,2453,123356.770224
4000.0,1916,123368.867761
4000.0,6712,123412.617269
3200.0,4078,123439.146591
4000.0,3786,123463.756159
4000.0,4310,123491.653509
3200.0,5678,123528.877309
4000.0,2276,123543.665254
3200.0,2949,123562.754356
4800.0,2128,123576.399779
3200.0,4789,123607.462378
4000.0,1523,123617.363616
4000.0,4450,123646.663831
2400.0,2744,123664.377664
3200.0,5037,123697.215056
4000.0,2441,123712.929867
4000.0,3896,123738.218573
4000.0,2802,123756.387996
3200.0,2921,123775.053662
4000.0,2531,123791.17877
3200.0,2308,123806.24837
3200.0,5411,123841.487901
4000.0,3201,123862.275289
4000.0,3121,123882.558568
4000.0,2558,123898.930907
4000.0,4557,123928.639551
3200.0,3359,123950.303357
4000.0,6086,123989.979232
4000.0,2342,124004.972336
3200.0,4422,124033.58033
4000.0,4235,124061.138953
2400.0,3176,124081.675806
4000.0,4837,124113.342807
3200.0,4690,124143.905016
4000.0,2868,124162.381298
4000.0,4514,124191.606852
3200.0,3899,124216.946119
4000.0,2182,124231.043127
4000.0,5100,124264.171546
4000.0,2297,124278.821622
4000.0,2506,124294.945556
4000.0,2134,124308.591954
4000.0,4800,124339.778491
4000.0,3418,124362.09555
4000.0,2201,124376.207968
4000.0,4082,124402.737375
4800.0,2835,124421.278922
4800.0,2879,124439.961149
4000.0,2453,124455.829897
4000.0,4364,124484.431621
4000.0,3785,124509.228362
4000.0,2630,124526.199957
4000.0,7019,124572.315523
3200.0,5230,124606.790128
4000.0,4894,124640.17899
4000.0,2285,124654.798662
3200.0,5637,124691.593437
5600.0,4094,124718.039184
4000.0,1556,124727.919589
5600.0,2194,124741.934349
4000.0,1419,124750.886446
4800.0,4214,124778.255131
4000.0,6469,124820.671721
4000.0,2809,124838.842752
4000.0,4130,124865.881579
3200.0,3684,124890.125029
2400.0,2270,124905.651545
4000.0,3131,124925.933791
3200.0,3800,124950.563404
4000.0,2805,124968.583827
4000.0,4053,124994.857398
4000.0,4824,125026.184986
4000.0,3633,125049.734401
4000.0,4888,125081.558486
4000.0,1904,125093.656798
4000.0,3208,125114.365963
4800.0,2578,125131.588261
4000.0,2125,125146.043875
4000.0,3687,125170.09905
4000.0,3225,125190.966714
4000.0,3456,125213.74907
4000.0,6382,125255.494065
4000.0,4449,125284.511913
4000.0,2456,125300.175405
4000.0,3841,125325.180769
4000.0,3289,125346.397873
4000.0,3206,125367.950561
4000.0,1546,125378.113245
4000.0,3559,125402.717606
4000.0,4593,125433.57064
4000.0,2936,125453.290214
4000.0,1568,125463.518143
4000.0,2163,125477.757214
4000.0,3824,125503.120496
4000.0,2162,125517.532178
3200.0,1834,125529.605524
3200.0,2378,125545.218241
3200.0,5232,125579.023858
4000.0,2742,125596.743081
4000.0,5466,125632.086334
4000.0,1849,125643.890233
3200.0,3223,125664.771775
4000.0,2105,125678.277891
4000.0,2469,125694.089092
2400.0,1846,125705.88332
4000.0,4279,125733.613321
4000.0,2658,125750.65723
4000.0,2570,125767.18452
3200.0,5084,125800.106356
4000.0,3594,125823.3119
4000.0,7639,125873.221361
4000.0,1697,125883.930279
4000.0,4515,125913.276468
4000.0,1784,125924.689136
4000.0,4862,125956.307351
4000.0,1904,125968.460116
4000.0,3474,125990.911206
4000.0,2455,126006.812016
4000.0,3219,126027.505461
4000.0,2819,126045.583722
4000.0,2659,126062.60331
4000.0,2648,126079.566697
3200.0,3927,126104.960085
4000.0,2176,126118.954189
4000.0,2501,126135.133686
4000.0,2378,126150.410845
2400.0,3500,126172.90267
3200.0,7998,126225.017474
4000.0,2723,126242.509012
4000.0,2347,126257.496555
4000.0,4280,126285.372233
3200.0,4506,126314.541945
3200.0,3224,126335.68123
4000.0,3111,126355.66729
4000.0,6278,126396.644553
4000.0,1885,126408.572394
4000.0,6135,126448.498853
4000.0,3911,126473.92527
4000.0,4898,126505.58238
4000.0,6721,126549.595611
4000.0,2860,126567.996223
4000.0,2481,126583.972577
4000.0,2801,126602.03798
4000.0,3068,126621.820573
3200.0,7549,126670.9764
4000.0,3094,126690.850974
4000.0,2338,126705.701305
3200.0,4523,126735.087008
4000.0,2776,126753.03242
4000.0,4076,126779.32321
5600.0,3010,126798.939306
4000.0,6426,126840.71785
4000.0,2855,126859.038633
4000.0,4165,126885.83524
4000.0,2744,126903.434378
4000.0,2219,126917.612148
4000.0,5283,126951.862382
3200.0,8456,127007.028574
3200.0,7010,127052.64797
2400.0,3618,127076.179509
4000.0,3058,127096.006026
4000.0,3369,127117.776818
4000.0,3156,127138.23137
4000.0,2781,127157.758076
4000.0,4698,127189.708509
4000.0,3743,127213.927288
4000.0,4731,127244.980372
4000.0,2364,127260.286622
4000.0,2934,127279.155192
4000.0,1593,127289.367138
4800.0,2060,127302.506925
4000.0,5846,127340.770353
4000.0,5165,127374.421344
4000.0,4828,127405.75619
4000.0,4536,127435.234113
4000.0,5512,127471.207553
4800.0,4927,127503.22862
4000.0,2364,127518.261427
4000.0,1875,127530.345274
0.0,3960,127556.022162
4000.0,5225,127590.223089
4000.0,2421,127605.706688
3200.0,10121,127671.968619
4000.0,1777,127683.182571
4000.0,2116,127696.905179
4000.0,4292,127724.872582
4000.0,2972,127744.054115
4000.0,3580,127767.485217
4000.0,3790,127792.052729
3200.0,5705,127829.204299
4000.0,4699,127859.935751
4000.0,2739,127877.624412
4000.0,3660,127901.748114
4000.0,2751,127919.462585
4000.0,1978,127932.133711
4000.0,4492,127961.276555
4000.0,5204,127995.188604
4000.0,2788,128013.111255
4000.0,1839,128024.786881
4000.0,6239,128065.750645
4000.0,2774,128083.56439
4000.0,2045,128096.776951
4000.0,4754,128127.892615
4000.0,2957,128147.301879
5600.0,5186,128180.877167
4000.0,1864,128192.848008
3200.0,4143,128219.76869
4000.0,5206,128253.578452
4000.0,4217,128280.882044
4000.0,2772,128298.696964
4000.0,3041,128318.252123
4000.0,1978,128330.913697
4000.0,4446,128359.848254
2400.0,4197,128387.210154
4000.0,3011,128406.731193
4800.0,3458,128429.166745
4000.0,2005,128441.912363
4000.0,2787,128459.95455
4000.0,4955,128493.694973
4000.0,3287,128515.303765
4000.0,2510,128531.394971
4000.0,3469,128553.909882
4000.0,3896,128579.190529
4000.0,3421,128601.362403
3200.0,4983,128633.712268
4000.0,2195,128647.997909
4000.0,4046,128674.264819
4000.0,3221,128694.957784
1600.0,1611,128705.273223
5600.0,5730,128743.085073
4000.0,1407,128751.994476
4000.0,3012,128771.455243
4000.0,7069,128818.005043
4800.0,2035,128831.082439
4000.0,2482,128847.011939
3200.0,5285,128881.835028
5600.0,4323,128910.078259
5600.0,2871,128928.744789
2400.0,3037,128948.557121
4000.0,3661,128972.366484
4800.0,4640,129002.621511
4000.0,2067,129015.817421
3200.0,4760,129047.050458
3200.0,3108,129067.123915
4000.0,2174,129081.157617
4000.0,2376,129096.48229
3200.0,3883,129121.694508
2400.0,1940,129134.254502
4000.0,3783,129158.836548
4000.0,3138,129179.344619
4000.0,3052,129199.088209
4000.0,1971,129211.694147
4000.0,1406,129220.62921
3200.0,5521,129256.611496
4000.0,2250,129271.147002
4000.0,2439,129286.882857
4000.0,4828,129318.290991
4000.0,2987,129337.575544
4000.0,2190,129351.684483
4000.0,2416,129367.212512
3200.0,2186,129381.298068
4800.0,6554,129424.168895
4000.0,3364,129446.026741
4000.0,5297,129480.499754
5600.0,3892,129505.768968
4000.0,2509,129521.987039
4000.0,4887,129553.943931
4000.0,3572,129577.157833
4000.0,3364,129598.952204
3200.0,4722,129629.892335
4000.0,2201,129644.063744
4000.0,2826,129662.469239
4000.0,2384,129677.781943
4000.0,4143,129704.824988
3200.0,3342,129726.644402
4000.0,1704,129737.609763
4000.0,4581,129767.440803
4000.0,1909,129780.559347
4000.0,2414,129796.792398
1600.0,1420,129805.721643
4000.0,2036,129818.698677
4000.0,6496,129861.249205
4000.0,3815,129887.474886
4800.0,5143,129921.641272
4000.0,2095,129935.060103
4000.0,2180,129949.367509
4000.0,3028,129969.111574
4000.0,2358,129984.419654
4000.0,3457,130006.818481
4000.0,3537,130029.727596
4000.0,1325,130037.967032
4800.0,3920,130063.539537
3200.0,2703,130080.885163
4000.0,3373,130102.756121
2400.0,2423,130118.375848
4800.0,4195,130145.783995
4000.0,2207,130159.972189
4000.0,3879,130185.047564
4000.0,6049,130224.675155
4000.0,3751,130249.187622
4000.0,6674,130293.159264
4000.0,3540,130316.041069
4000.0,3742,130340.355846
3200.0,4095,130366.963448
3200.0,3619,130390.393403
3200.0,5833,130428.645901
4000.0,3584,130452.02491
4000.0,2444,130467.756351
4000.0,6432,130510.170175
4000.0,2103,130523.691715
4000.0,2711,130541.161501
4000.0,1794,130552.56726
4000.0,3994,130578.565331
4000.0,3741,130603.00742
3200.0,3436,130625.284236
4000.0,3775,130649.729
4000.0,4347,130678.074404
4000.0,2298,130692.851198
4000.0,3274,130714.189714
4000.0,2449,130729.948803
3200.0,2993,130749.405006
5600.0,3700,130773.668577
3200.0,3578,130797.227756
4000.0,3081,130818.85165
4000.0,3537,130842.82487
4000.0,4062,130869.618603
4000.0,1632,130880.082694
4000.0,2210,130894.214141
3200.0,5408,130929.650907
3200.0,3171,130950.319559
4000.0,4229,130977.828947
4000.0,4906,131009.848191
4000.0,6048,131049.535177
3200.0,6205,131090.265029
4000.0,2286,131105.102453
4000.0,3260,131126.308007
4000.0,2540,131142.66672
4000.0,4014,131168.972361
4000.0,1595,131179.083508
4000.0,4517,131208.709384
4000.0,3078,131228.753585
4000.0,4490,131257.935509
4000.0,6999,131303.868005
4000.0,2257,131318.588425
4000.0,2667,131335.963074
4800.0,3318,131357.496288
4000.0,2169,131371.45923
4000.0,2866,131390.038692
4000.0,1416,131399.111852
4000.0,6143,131439.469003
4000.0,2130,131453.127764
4000.0,4538,131482.72483
4000.0,2195,131496.769196
4000.0,1326,131505.136777
4000.0,3693,131529.174693
4000.0,3700,131553.319946
4000.0,2406,131568.617418
5600.0,4817,131600.211476
4000.0,1640,131610.632477
4000.0,1449,131619.859597
4000.0,5260,131654.828795
4000.0,1735,131665.895344
4000.0,6662,131709.709479
4000.0,3170,131730.440936
4000.0,2200,131744.72208
4000.0,3734,131769.149068
2400.0,2713,131786.636543
5600.0,2911,131805.376099
3200.0,4257,131833.31515
3200.0,3730,131857.683719
4000.0,1682,131868.245509
5600.0,4183,131895.453622
4000.0,2116,131909.076703
4000.0,1471,131918.491704
4000.0,5152,131952.055034
4000.0,4020,131978.201373
4000.0,2289,131992.925203
4000.0,3398,132015.00968
5600.0,4933,132047.495963
4000.0,2309,132062.210816
5600.0,3642,132087.19338
5600.0,6008,132127.03103
4000.0,3392,132149.145494
2400.0,3314,132170.566678
5600.0,4874,132202.435047
4000.0,2838,132220.767721
4000.0,5038,132253.702218
4000.0,5258,132288.213894
4000.0,5125,132321.778047
4000.0,4778,132352.964064
3200.0,9616,132416.42707
4000.0,1962,132428.9047
5600.0,5111,132462.518897
4000.0,4311,132490.816763
3200.0,3039,132510.536452
4000.0,2999,132529.978821
4800.0,3850,132555.013483
4000.0,3523,132577.899924
4000.0,5499,132614.004862
4000.0,4252,132642.01248
4000.0,1577,132652.089306
4000.0,1715,132663.352923
3200.0,4154,132690.581194
4000.0,2516,132706.822011
4000.0,3373,132728.772941
4000.0,2442,132744.439157
4000.0,2350,132759.520873
4000.0,3681,132783.638372
4000.0,4814,132815.145419
800.0,1465,132824.508708
3200.0,4187,132851.800692
4000.0,2205,132866.012206
4000.0,3217,132886.832597
4000.0,6188,132927.491213
5600.0,3471,132950.332508
4000.0,5739,132987.960658
4000.0,5472,133023.956248
4000.0,3536,133046.965167
4000.0,5335,133081.975965
5600.0,3088,133102.014898
4000.0,3967,133127.895249
4000.0,3698,133152.064746
4000.0,2877,133170.791507
4000.0,3127,133190.921323
4000.0,3657,133214.799726
4000.0,2976,133234.191833
4000.0,4323,133262.449421
4000.0,2004,133275.337626
4000.0,4064,133301.919544
4000.0,1781,133313.371953
4000.0,2128,133326.949021
4000.0,2174,133340.967604
5600.0,1918,133353.209197
4000.0,2732,133370.9824
4800.0,2089,133384.481408
4000.0,2886,133403.038973
4000.0,4473,133432.233768
4000.0,2214,133446.514211
3200.0,3831,133471.857267
4000.0,1889,133483.829128
4000.0,5028,133516.729971
4800.0,5811,133555.180456
1600.0,1808,133566.788057
4000.0,4945,133599.057143
4000.0,3220,133619.924645
4000.0,2779,133638.100902
4000.0,5038,133670.902577
4000.0,4346,133699.262265
4000.0,1701,133710.171747
4000.0,3362,133732.046904
5600.0,4052,133758.439105
4000.0,1863,133770.468847
4000.0,3680,133794.501231
4000.0,4621,133824.872517
4000.0,4105,133851.914974
4000.0,2190,133866.046932
4000.0,2191,133880.270133
4000.0,3498,133903.091182
4000.0,4272,133930.962911
3200.0,3285,133952.295476
4000.0,1685,133963.078647
3200.0,4138,133990.146158
4000.0,5613,134027.047477
4000.0,6584,134070.324625
4000.0,6436,134112.434139
4000.0,4956,134145.090813
4800.0,4890,134177.085872
3200.0,6573,134220.076316
4800.0,2356,134235.34551
5600.0,5951,134274.496674
5600.0,2654,134291.781776
4000.0,2204,134306.064762
4000.0,1836,134317.893363
4000.0,3265,134339.038724
4000.0,2155,134352.945912
4000.0,2768,134370.886928
4000.0,3086,134390.856064
4000.0,3265,134412.100175
4000.0,3419,134434.28269
5600.0,3579,134458.098075
4000.0,6191,134498.54875
4000.0,2865,134517.349287
4800.0,1809,134528.877821
3200.0,5562,134565.357472
4000.0,5127,134598.838237
4000.0,5809,134636.981419
4000.0,6073,134676.809487
4000.0,5489,134712.843406
4000.0,1979,134725.492394
4000.0,2652,134742.694365
4000.0,5146,134776.417197
4000.0,3305,134797.904463
3200.0,2672,134815.214214
5600.0,2694,134832.568181
5600.0,3799,134857.274025
4000.0,1948,134869.815011
4000.0,2524,134886.079066
4000.0,3857,134911.395075
4000.0,2642,134928.557226
4000.0,2368,134944.115868
4000.0,10481,135013.337088
4000.0,6315,135054.910771
3200.0,2600,135071.773254
4000.0,3740,135096.072859
4000.0,3437,135118.421969
3200.0,1809,135130.166854
4000.0,5031,135162.885888
1600.0,3610,135186.299198
4000.0,2635,135203.40534
3200.0,4945,135235.499122
4000.0,2576,135252.195773
4000.0,2341,135267.172934
4000.0,2788,135285.228813
4000.0,1860,135297.278362
4000.0,4866,135329.108093
4000.0,3735,135354.473319
1600.0,1484,135364.733888
4000.0,4604,135396.171022
4000.0,3047,135416.052008
4000.0,3857,135441.054504
4000.0,3435,135463.29808
4000.0,4020,135489.533973
4000.0,5551,135525.83596
3200.0,4178,135553.024912
4000.0,6000,135592.433747
4000.0,2520,135609.04243
3200.0,2283,135623.860308
3200.0,3234,135644.805723
4000.0,3372,135666.62084
4000.0,2501,135682.640781
4000.0,2185,135697.031757
4000.0,2420,135713.998471
4000.0,1547,135723.859333
5600.0,3870,135749.005007
4000.0,3963,135775.003353
4000.0,1623,135785.510562
4000.0,4110,135812.521226
4000.0,2898,135831.354454
4000.0,2207,135845.584863
4000.0,3220,135866.570681
3200.0,3452,135889.243008
4000.0,2853,135907.723857
3200.0,2327,135922.673178
4000.0,1849,135934.611594
4000.0,3578,135957.991795
3200.0,3347,135979.714037
5600.0,5458,136015.592232
4000.0,2224,136029.871589
4000.0,4253,136057.543861
4800.0,3063,136077.323736
4000.0,3449,136099.843577
4000.0,5006,136132.545325
4000.0,2201,136146.765724
4000.0,3836,136171.831453
5600.0,2375,136187.182268
4000.0,2201,136201.271784
5600.0,2708,136218.727699
4000.0,2281,136233.545778
4000.0,3630,136257.028984
4800.0,2295,136271.887386
4000.0,2713,136289.832288
5600.0,3895,136315.153297
7200.0,4932,136347.382166
4000.0,2725,136365.11927
4000.0,2450,136380.95743
4800.0,2965,136400.264082
4000.0,4436,136429.26306
4000.0,6586,136472.5389
5600.0,5928,136511.500872
4000.0,2008,136524.366538
4000.0,3031,136544.055741
4000.0,4280,136571.907131
4800.0,5877,136610.542267
3200.0,6237,136651.391191
4000.0,3008,136671.141587
4000.0,4022,136697.382777
4000.0,3556,136720.620276
4000.0,3845,136745.636652
4000.0,2368,136760.886568
3200.0,2559,136777.65116
5600.0,3080,136797.533358
5600.0,2605,136814.306223
4000.0,2851,136832.71603
4000.0,3899,136858.21973
4000.0,2143,136871.883559
2400.0,4392,136900.630677
4000.0,3188,136921.384902
4000.0,3808,136945.995869
4000.0,1583,136956.172411
4000.0,3690,136980.130018
3200.0,6197,137020.549674
4000.0,5925,137059.383666
4000.0,3900,137084.66165
3200.0,3953,137110.24272
4000.0,2312,137125.175581
2400.0,4570,137155.474421
4000.0,4212,137183.071549
2400.0,5161,137216.799601
4000.0,2301,137231.55805
2400.0,1737,137242.582257
5600.0,3452,137264.950051
4000.0,3429,137287.154166
4000.0,4692,137317.768466
5600.0,5094,137351.044754
4000.0,2983,137370.176097
4000.0,5904,137411.293871
2400.0,2252,137426.518463
5600.0,4929,137459.420835
4000.0,3845,137484.263573
2400.0,2508,137500.348963
7200.0,4516,137529.789517
3200.0,3116,137549.986002
5600.0,3353,137571.590043
9600.0,4084,137598.226387
5600.0,4310,137626.246542
4000.0,3660,137650.08396
5600.0,6637,137693.487794
7200.0,4741,137724.583481
4800.0,2202,137738.707775
1600.0,1077,137745.527706
4000.0,1876,137757.463878
4000.0,4984,137789.865184
4000.0,3773,137814.424856
5600.0,3796,137838.941598
5600.0,3500,137861.682584
4000.0,2731,137879.321943
4000.0,4022,137905.281567
4000.0,3258,137926.180494
4800.0,4214,137953.51852
4000.0,3182,137974.225067
4000.0,5310,138008.682456
4000.0,2084,138021.990635
5600.0,4483,138051.312871
4000.0,2480,138067.285721
4800.0,6081,138106.901875
3200.0,3306,138128.39385
5600.0,5477,138164.062613
5600.0,4651,138194.211356
7200.0,4151,138221.208519
4000.0,4356,138249.496837
4000.0,1962,138261.922441
4000.0,3985,138287.825724
4000.0,3752,138312.033005
4000.0,2693,138329.318466
4000.0,2266,138343.883027
3200.0,2657,138361.002377
6400.0,3717,138384.924302
4000.0,4172,138412.0657
7200.0,5472,138447.847667
5600.0,4127,138474.59675
4000.0,3585,138498.16991
3200.0,2309,138513.01313
5600.0,3920,138538.911344
4800.0,3071,138558.790933
5600.0,5727,138596.45155
4000.0,3004,138615.83917
4000.0,2406,138631.321438
4000.0,2625,138648.103029
4000.0,2583,138664.742024
4000.0,3004,138684.198382
6400.0,4327,138712.364098
4800.0,2791,138730.479753
4000.0,5155,138764.082732
7200.0,4060,138790.287402
8800.0,6347,138831.693751
7200.0,6612,138875.193543
8800.0,6498,138917.652178
4800.0,5020,138950.554694
6400.0,5284,138985.00248
5600.0,3819,139009.746008
3200.0,3079,139029.668839
4000.0,4259,139057.235628
7200.0,3436,139079.435552
4000.0,3415,139102.456405
3200.0,3080,139123.06595
7200.0,5825,139162.206404
5600.0,1958,139174.651807
8800.0,5580,139210.918121
7200.0,4639,139241.15186
5600.0,4170,139268.380478
4000.0,1760,139280.538401
8000.0,6351,139322.664358
7200.0,3524,139345.604274
4800.0,2928,139364.584094
4000.0,2249,139379.056221
6400.0,4290,139407.098666
4000.0,2796,139425.100611
8800.0,5467,139460.783797
4800.0,3036,139480.368592
5600.0,4208,139507.721143
4000.0,2485,139523.714309
4000.0,1629,139534.170863
5600.0,4743,139565.191396
5600.0,3265,139586.271238
8800.0,4564,139615.901526
4000.0,1877,139627.956466
7200.0,4059,139654.237153
7200.0,4057,139680.46183
5600.0,3192,139701.074878
4000.0,1820,139712.587604
8800.0,5977,139751.811651
8800.0,6439,139793.847928
