#{"t_start": 1756398273.323046, "env_id": "ALE/MarioBros-v5"}
r,l,t
0.0,862,4.280134
0.0,878,6.058433
0.0,1102,8.30602
0.0,1393,11.299299
0.0,1861,15.406142
0.0,1288,17.954256
0.0,1703,21.70882
0.0,581,22.897264
0.0,1265,25.504801
0.0,695,26.817285
0.0,1036,28.968489
0.0,689,30.509887
0.0,1192,33.050054
0.0,685,34.534846
0.0,367,35.245816
0.0,1217,37.864346
0.0,835,39.50654
2400.0,1153,42.208582
0.0,1448,45.83641
0.0,626,47.089889
0.0,1404,49.898624
0.0,966,51.976978
0.0,900,53.786175
0.0,1142,56.146171
0.0,438,57.513182
0.0,869,59.930736
1600.0,1021,62.798768
1600.0,1119,65.059993
0.0,985,67.384751
0.0,640,68.648486
0.0,1548,72.152374
0.0,899,73.868792
0.0,1110,76.255706
0.0,1126,78.769865
0.0,1513,84.535605
0.0,1692,89.626402
0.0,781,91.328577
0.0,837,92.984396
0.0,513,94.123326
0.0,854,95.994242
0.0,692,97.769393
0.0,910,99.895379
0.0,828,102.853174
0.0,840,105.336327
0.0,700,107.592888
0.0,2005,114.09033
0.0,938,116.59894
1600.0,1403,120.46854
0.0,495,121.594233
0.0,450,122.544271
0.0,828,124.660502
1600.0,1058,127.406562
0.0,992,130.19987
0.0,917,137.109529
1600.0,1258,145.277934
0.0,601,148.503503
0.0,681,151.963441
1600.0,698,156.013666
0.0,799,160.44412
0.0,392,162.39926
0.0,757,166.500679
0.0,967,171.803258
0.0,1880,182.588918
0.0,753,186.589394
800.0,694,190.795477
0.0,818,195.270435
0.0,392,197.216277
0.0,1120,203.299515
0.0,2464,221.491105
0.0,688,227.138142
800.0,1454,236.59133
0.0,675,240.114978
0.0,1196,247.199564
0.0,1169,255.677254
0.0,700,260.437989
1600.0,632,264.321445
1600.0,1485,274.07528
800.0,1418,283.90025
0.0,1500,292.355087
0.0,550,295.744919
0.0,560,298.914711
3200.0,704,303.9021
800.0,724,309.017581
0.0,698,313.208043
0.0,833,319.500591
0.0,712,324.222769
0.0,1207,332.403125
0.0,547,335.829456
3200.0,406,338.159753
0.0,487,340.819126
0.0,814,345.358088
0.0,1843,356.423888
0.0,1641,367.535664
0.0,1020,374.1036
0.0,577,377.209522
1600.0,626,380.852218
1600.0,452,384.002542
0.0,1781,396.507126
0.0,686,400.750897
0.0,1601,413.301947
0.0,1237,420.777731
0.0,383,423.0355
800.0,390,425.47021
800.0,1018,431.815589
0.0,713,436.682044
0.0,904,444.243041
800.0,1777,455.316192
0.0,630,459.164628
0.0,664,463.47047
800.0,1112,471.479831
0.0,730,476.283852
0.0,2640,498.260544
800.0,1411,506.451124
0.0,684,510.253828
0.0,426,512.641713
0.0,993,518.672439
0.0,1362,527.286798
0.0,175,528.005823
0.0,740,532.070945
0.0,1318,539.76222
0.0,712,543.654021
0.0,1307,551.469134
800.0,1432,560.600384
800.0,1684,572.853842
0.0,388,575.187912
0.0,404,577.52399
0.0,322,580.193145
0.0,835,586.046133
1600.0,1272,593.581417
0.0,762,597.904873
0.0,1241,605.28021
0.0,1695,615.503113
0.0,1204,622.434017
0.0,412,624.510657
0.0,1858,635.721415
0.0,238,636.813971
0.0,1117,647.208125
0.0,394,649.691041
0.0,975,657.007186
0.0,994,663.946707
0.0,396,666.459923
0.0,1112,674.127801
0.0,390,676.540009
0.0,831,682.08689
0.0,774,686.286505
0.0,392,688.26205
0.0,587,691.542861
0.0,176,692.2673
0.0,794,696.591819
800.0,1214,703.407307
0.0,1259,710.672702
800.0,1044,716.934498
0.0,836,722.251827
0.0,1471,734.536228
0.0,819,740.211666
800.0,1529,752.829988
0.0,790,758.328321
0.0,1242,765.643138
0.0,1973,777.274255
0.0,923,782.291131
0.0,391,784.356427
0.0,694,788.223944
0.0,1476,796.769563
0.0,1131,803.595863
800.0,601,806.924345
0.0,402,809.291772
0.0,625,812.662555
0.0,778,817.018292
1600.0,923,822.087114
800.0,618,825.344939
0.0,964,830.811588
0.0,1025,837.203227
0.0,1509,846.145719
0.0,1408,854.075174
800.0,1233,861.060369
0.0,990,866.602209
0.0,908,872.048216
800.0,796,876.633663
1600.0,2295,890.269194
0.0,1560,899.159226
2400.0,2156,911.833066
0.0,1228,918.77855
800.0,1229,926.046279
0.0,2005,937.892564
0.0,1332,945.501551
0.0,1640,955.000269
0.0,1112,961.201648
0.0,1130,967.601754
0.0,1124,974.107709
0.0,430,976.254855
0.0,908,982.59517
800.0,398,984.984937
0.0,1144,993.107082
0.0,400,995.924524
0.0,1430,1006.905347
0.0,1650,1016.518527
800.0,917,1021.779751
0.0,1564,1031.544332
0.0,560,1034.572727
1600.0,1055,1040.694996
0.0,698,1044.540826
0.0,1090,1050.805591
0.0,908,1055.917409
800.0,708,1059.810657
0.0,1295,1067.174373
0.0,1058,1073.232141
0.0,2060,1085.339845
0.0,963,1090.659563
0.0,1395,1098.503595
0.0,1049,1104.572312
0.0,1192,1111.464813
0.0,1559,1120.483023
0.0,1021,1126.269587
0.0,2044,1138.641523
1600.0,1545,1147.961355
0.0,1189,1155.288951
0.0,1022,1161.012328
0.0,1227,1167.978203
1600.0,1787,1178.495014
0.0,410,1180.665949
0.0,1348,1188.694021
800.0,538,1191.581011
0.0,1720,1202.954542
0.0,1080,1209.232378
0.0,1182,1215.917022
0.0,949,1221.344153
0.0,1899,1232.774788
800.0,1778,1243.776111
1600.0,1427,1252.597193
0.0,1405,1261.148822
800.0,1890,1272.19524
0.0,1488,1280.758813
0.0,1637,1290.10286
0.0,645,1293.7043
800.0,1434,1302.093428
0.0,1663,1311.753329
0.0,1055,1317.742204
0.0,1222,1324.704002
0.0,991,1330.365246
0.0,395,1332.436381
800.0,1171,1339.235608
0.0,657,1342.8378
0.0,615,1346.114775
1600.0,1487,1355.266598
0.0,908,1360.645332
800.0,828,1365.244698
0.0,1204,1372.057542
0.0,861,1377.257536
0.0,1129,1383.822308
0.0,1531,1392.815649
800.0,2263,1406.18399
0.0,1268,1413.580792
0.0,415,1415.750814
0.0,1263,1423.027838
0.0,1130,1429.392985
0.0,1090,1435.562153
0.0,1254,1442.908595
800.0,1196,1449.826034
0.0,688,1453.666849
0.0,186,1454.493489
0.0,1249,1462.384843
0.0,1534,1471.295172
1600.0,649,1474.979497
800.0,1670,1484.759562
0.0,1930,1496.51017
800.0,986,1502.130993
1600.0,2061,1514.448216
0.0,398,1516.551083
0.0,685,1520.320962
800.0,1068,1526.450737
0.0,321,1528.004797
0.0,1863,1539.087113
0.0,1184,1545.973688
0.0,1342,1553.788135
0.0,696,1557.500273
0.0,897,1562.56446
0.0,550,1565.510734
1600.0,996,1571.133592
3200.0,1849,1581.879692
0.0,1716,1591.876417
0.0,702,1595.72611
0.0,845,1600.478515
0.0,832,1605.698356
1600.0,1433,1614.091595
1600.0,1507,1622.934116
0.0,410,1624.969315
0.0,2171,1637.812852
0.0,1432,1646.163001
0.0,998,1651.854895
800.0,444,1654.301625
0.0,321,1655.972424
0.0,1140,1662.586871
0.0,1488,1671.164086
0.0,2037,1683.233884
3200.0,2073,1695.449514
800.0,2118,1708.143415
0.0,1127,1714.632725
0.0,882,1719.607228
0.0,1342,1727.583834
0.0,1545,1737.042621
0.0,1422,1745.349586
0.0,1126,1751.861038
0.0,688,1755.652082
2400.0,1708,1765.67638
0.0,1561,1774.926096
0.0,1995,1786.62849
0.0,1237,1793.805829
0.0,1037,1799.785413
0.0,433,1802.110977
1600.0,1855,1812.998367
1600.0,1472,1821.655689
0.0,324,1823.34386
0.0,1322,1830.93906
0.0,679,1834.721111
0.0,400,1836.771122
1600.0,1861,1847.711683
800.0,1845,1858.64998
0.0,1564,1867.823309
0.0,717,1871.842848
0.0,685,1875.904596
0.0,1285,1884.06065
0.0,1308,1892.126606
0.0,990,1898.152589
800.0,2517,1913.950355
800.0,1521,1922.945494
800.0,1658,1932.697458
0.0,1456,1941.438368
0.0,1260,1950.896942
0.0,1494,1960.49096
0.0,629,1964.217027
1600.0,1334,1972.883073
0.0,1860,1984.494069
0.0,1399,1992.923283
0.0,1336,2002.55888
800.0,1302,2014.160901
800.0,2194,2033.519199
0.0,776,2037.962882
0.0,716,2041.991839
0.0,2013,2054.25024
0.0,1339,2062.369595
0.0,845,2067.29173
0.0,1264,2074.880769
0.0,705,2078.885238
0.0,2138,2091.830713
0.0,548,2094.782745
800.0,917,2099.952692
0.0,1007,2105.815564
0.0,864,2110.943145
0.0,1978,2122.946886
0.0,2166,2136.280803
0.0,807,2141.301056
0.0,1245,2148.914209
0.0,1062,2155.328304
0.0,1419,2163.745854
0.0,2014,2177.104619
0.0,1528,2191.876082
800.0,918,2198.687872
800.0,2210,2216.216464
0.0,778,2223.50082
0.0,1537,2233.981591
0.0,1399,2244.572543
0.0,1240,2254.300215
0.0,820,2260.127853
0.0,1660,2280.69556
0.0,891,2287.558581
0.0,1486,2299.474555
0.0,1077,2311.339547
800.0,546,2317.017198
0.0,2082,2333.604575
0.0,1487,2347.214804
0.0,1459,2358.445955
0.0,1125,2376.359956
0.0,1664,2389.036349
0.0,1503,2399.169374
0.0,1116,2406.801499
0.0,2020,2421.318304
0.0,1080,2428.798435
0.0,1418,2438.494465
0.0,1419,2448.372195
1600.0,2090,2462.526736
1600.0,2088,2477.649231
1600.0,2009,2492.38683
0.0,1673,2504.258607
0.0,1034,2511.690734
0.0,737,2516.413486
0.0,285,2517.951491
0.0,1435,2528.140482
0.0,842,2533.75399
0.0,836,2539.257733
0.0,1196,2547.802061
0.0,1981,2562.388396
0.0,1586,2574.127222
0.0,1974,2588.401327
0.0,1367,2597.753524
0.0,1186,2608.623844
0.0,1288,2624.663529
0.0,755,2631.576367
800.0,1422,2645.452136
1600.0,1715,2663.367342
0.0,831,2669.58513
0.0,905,2676.298971
0.0,1934,2692.221239
0.0,815,2698.364089
0.0,1931,2713.355747
0.0,776,2718.740042
1600.0,2744,2738.703557
0.0,1017,2746.114756
800.0,1330,2756.429608
1600.0,2010,2772.146026
0.0,1306,2781.456245
1600.0,1690,2793.669536
0.0,1538,2804.778738
0.0,1588,2816.400086
0.0,1292,2825.923225
0.0,1381,2835.977287
0.0,680,2840.657474
3200.0,1964,2855.128064
800.0,1797,2868.053587
0.0,1543,2878.874926
0.0,1080,2886.028994
0.0,1640,2897.4035
800.0,2310,2913.791268
0.0,989,2920.55645
0.0,1063,2927.721955
0.0,2496,2944.815281
0.0,1419,2954.517374
0.0,1990,2968.274171
0.0,1486,2978.444001
0.0,1508,2988.625269
0.0,1569,2999.260945
0.0,805,3004.521122
0.0,1708,3016.264034
0.0,1908,3029.502247
0.0,1281,3038.2562
0.0,1976,3051.596858
0.0,753,3056.474822
0.0,486,3059.329547
0.0,2039,3073.156158
0.0,1528,3083.398386
0.0,1650,3094.414163
0.0,2070,3108.730832
0.0,1418,3118.274358
1600.0,1560,3128.803914
0.0,772,3133.929965
0.0,1962,3147.282675
0.0,2080,3161.784629
0.0,1565,3172.899031
0.0,1887,3185.632912
0.0,1545,3196.016389
1600.0,2423,3212.519965
0.0,765,3217.360773
0.0,1974,3230.784394
800.0,1968,3244.242314
0.0,2311,3260.071729
0.0,1420,3269.621213
0.0,2450,3286.288231
0.0,2111,3301.022933
0.0,1294,3309.697865
0.0,1463,3319.396452
0.0,958,3325.721665
0.0,856,3331.193491
800.0,1916,3344.196733
0.0,1656,3355.304166
0.0,1289,3363.854282
0.0,1967,3377.104238
0.0,1367,3386.429321
0.0,732,3391.089319
0.0,1570,3401.703853
0.0,1563,3412.217512
0.0,753,3417.009287
0.0,2272,3432.507155
0.0,1288,3441.085359
0.0,1743,3453.067957
0.0,1579,3464.058601
0.0,738,3468.8326
0.0,1974,3482.233306
0.0,2408,3498.511741
800.0,1562,3509.054742
0.0,1948,3522.496823
0.0,1156,3530.159188
0.0,2064,3544.28822
0.0,1900,3556.934999
0.0,1565,3567.495774
0.0,1646,3578.649161
1600.0,1425,3588.262467
800.0,2271,3603.635915
0.0,1104,3610.934375
0.0,1305,3619.631234
0.0,1223,3627.743419
0.0,897,3633.614578
0.0,2062,3647.681021
0.0,1631,3658.894908
1600.0,2402,3675.456262
0.0,1364,3684.740059
0.0,1993,3698.326885
0.0,1804,3710.584905
0.0,2315,3726.479834
0.0,1974,3739.910345
0.0,2398,3756.561505
0.0,1976,3769.988138
0.0,1972,3783.515216
0.0,2742,3802.525502
0.0,1546,3812.963928
800.0,2289,3828.565601
0.0,1490,3838.552836
0.0,1403,3848.005404
0.0,1493,3858.021582
0.0,1978,3871.755213
0.0,1292,3880.368828
0.0,2067,3894.39727
0.0,2422,3911.004193
0.0,1848,3925.196795
0.0,2080,3947.786687
2400.0,1970,3961.707169
0.0,1702,3972.622586
0.0,2651,3989.953459
1600.0,2252,4004.640877
0.0,1393,4013.524178
0.0,2254,4028.370162
0.0,2318,4043.49722
0.0,1995,4056.369605
0.0,1985,4069.531282
0.0,1636,4080.193646
0.0,1444,4089.416744
0.0,2019,4103.158325
0.0,1369,4112.049133
0.0,1328,4120.683937
800.0,2712,4138.559323
0.0,721,4142.895221
0.0,2736,4161.328018
0.0,1273,4169.476195
0.0,1835,4181.55559
800.0,1392,4190.357302
0.0,1394,4199.340027
0.0,2040,4212.546855
0.0,1106,4219.35021
800.0,2380,4235.154603
0.0,2072,4248.79321
0.0,680,4253.036467
1600.0,2052,4266.100656
800.0,1683,4276.907202
0.0,1376,4285.681847
1600.0,2276,4300.875235
800.0,2423,4316.918741
1600.0,1446,4326.149477
0.0,769,4330.883088
0.0,1562,4340.869065
800.0,2225,4355.295699
2400.0,2159,4369.308944
0.0,1732,4380.442593
0.0,484,4383.203883
800.0,2006,4396.233894
0.0,663,4400.108513
0.0,1862,4412.10476
0.0,1356,4420.735639
0.0,911,4426.48609
0.0,2746,4444.430965
0.0,474,4447.165054
0.0,2286,4461.924743
800.0,1371,4470.647132
0.0,2298,4486.101911
0.0,1861,4498.307577
0.0,2314,4513.512731
0.0,2454,4530.053095
1600.0,2418,4546.373386
0.0,3107,4567.401711
0.0,1513,4577.354003
0.0,2006,4590.595427
0.0,1914,4605.487635
0.0,1489,4615.588585
800.0,1848,4627.885693
0.0,2252,4643.104494
0.0,1024,4649.846975
0.0,249,4651.019095
0.0,1348,4659.930283
0.0,1682,4671.447976
0.0,924,4677.416175
800.0,1966,4690.753168
800.0,2707,4709.201526
0.0,1212,4717.110313
0.0,1973,4730.366884
0.0,1489,4740.11106
0.0,2324,4755.955964
0.0,2162,4770.619463
0.0,1618,4781.626288
0.0,2424,4798.043347
0.0,1441,4807.486626
800.0,2122,4821.856434
0.0,1262,4830.093009
0.0,2114,4845.032127
0.0,1697,4856.370428
0.0,2448,4873.188366
0.0,1844,4888.521501
800.0,2268,4906.891673
0.0,2010,4924.811222
0.0,2321,4942.076435
0.0,1434,4952.646474
0.0,686,4957.958847
0.0,1907,4978.116534
0.0,2114,4994.074117
0.0,1017,5001.346809
0.0,1473,5010.977305
0.0,1475,5020.848181
0.0,1584,5031.206921
800.0,1461,5040.801185
800.0,2442,5056.991971
0.0,1651,5067.875309
0.0,2353,5084.155976
0.0,1901,5099.677615
0.0,2378,5119.518161
0.0,3179,5148.198088
0.0,1484,5162.049319
0.0,1357,5175.264874
0.0,2371,5193.446733
800.0,1966,5211.429801
0.0,1894,5227.944743
800.0,2300,5244.978159
0.0,2264,5262.862462
0.0,2594,5282.088709
0.0,2064,5295.775818
0.0,2743,5314.636784
0.0,2362,5330.848336
0.0,1293,5339.328638
0.0,1236,5347.537508
0.0,2244,5362.448337
0.0,2554,5379.756968
2400.0,2400,5396.001676
0.0,2310,5411.910913
1600.0,3947,5439.098643
800.0,1986,5452.681462
0.0,2466,5469.214802
0.0,2432,5485.934642
800.0,2688,5504.157905
0.0,2494,5520.905846
0.0,1812,5535.709375
0.0,1966,5550.697128
0.0,1462,5561.042775
800.0,2671,5582.123936
0.0,2502,5599.584152
0.0,1984,5615.321284
0.0,2286,5630.845234
0.0,1558,5642.446556
0.0,1561,5653.115765
0.0,1861,5666.264838
0.0,1914,5679.337013
0.0,2066,5695.136888
0.0,2238,5710.495026
0.0,2322,5725.957031
0.0,2414,5743.806074
0.0,2117,5760.145993
0.0,2506,5778.92298
0.0,2320,5795.650989
800.0,2736,5816.228946
0.0,2066,5830.271401
0.0,1691,5842.262082
0.0,1489,5852.292011
2400.0,2454,5869.879783
0.0,2276,5885.361218
0.0,3179,5913.659755
0.0,2431,5934.614773
0.0,1285,5945.966215
0.0,2038,5961.020288
800.0,2909,5981.970643
800.0,1279,5990.450401
0.0,2724,6010.837901
0.0,1095,6018.162714
0.0,2514,6036.740849
0.0,3056,6069.17905
0.0,2272,6098.935961
0.0,2416,6124.085796
0.0,1962,6142.296562
800.0,3414,6176.476893
800.0,2252,6198.827202
0.0,2761,6224.846699
0.0,1987,6238.948015
0.0,1254,6248.506978
0.0,2486,6268.024011
0.0,2276,6286.982585
0.0,3316,6325.521766
1600.0,1973,6350.341488
800.0,4118,6387.847133
0.0,3112,6418.657694
800.0,4431,6462.961345
0.0,3460,6496.817523
0.0,1988,6519.940099
0.0,2507,6541.440959
0.0,2436,6560.915645
0.0,2699,6590.467592
0.0,1962,6611.688493
0.0,3207,6647.780894
800.0,2650,6672.597696
0.0,3052,6698.702264
800.0,2431,6726.201205
0.0,2429,6755.430137
800.0,3281,6787.624458
0.0,2983,6819.832341
0.0,1962,6836.942792
0.0,2001,6852.1959
0.0,2996,6873.973317
0.0,2217,6889.872461
0.0,3905,6916.939205
0.0,2286,6932.438112
0.0,1848,6944.982195
0.0,4520,6977.748397
0.0,2283,6999.672493
1600.0,4504,7038.754209
0.0,3964,7077.099706
0.0,3988,7111.358134
1600.0,1660,7124.423593
0.0,2502,7146.886128
0.0,3375,7175.305057
0.0,3052,7203.121521
0.0,3214,7229.812993
0.0,3629,7256.225211
800.0,3421,7280.082986
0.0,3996,7309.622911
0.0,3110,7333.597755
0.0,4423,7371.518488
0.0,1690,7389.556743
800.0,3924,7427.675865
0.0,2707,7446.422003
0.0,3226,7469.520146
0.0,4425,7512.536317
0.0,3927,7550.696587
0.0,4140,7586.850712
0.0,3938,7626.097312
0.0,2210,7645.837716
4000.0,5062,7700.493995
0.0,4431,7739.174509
0.0,2720,7761.774952
0.0,3314,7793.690595
0.0,3182,7817.549964
0.0,4049,7855.23301
0.0,2650,7878.409245
0.0,2754,7903.704094
0.0,4562,7947.05876
1600.0,4784,7999.498458
2400.0,7450,8066.182214
1600.0,2746,8084.696982
0.0,3114,8105.074404
0.0,4148,8132.45611
0.0,5593,8168.987772
1600.0,6185,8218.511042
0.0,2699,8237.079785
0.0,4566,8268.877222
0.0,3154,8290.366737
0.0,6239,8333.924005
0.0,3996,8361.35759
0.0,3204,8383.001385
0.0,2524,8400.067232
0.0,4151,8428.204875
800.0,3254,8450.065656
2400.0,4699,8486.503676
0.0,4065,8517.7935
0.0,3291,8540.166982
0.0,10096,8608.591345
0.0,2715,8626.845323
0.0,3387,8649.451456
0.0,3884,8675.732434
0.0,3537,8699.311022
0.0,3104,8719.957479
0.0,3326,8742.3874
1600.0,4413,8772.243614
800.0,3923,8798.573394
0.0,2941,8818.215081
0.0,9660,8883.674856
0.0,1962,8897.26695
0.0,4722,8929.410846
0.0,3342,8951.878576
0.0,4117,8979.796193
1600.0,5385,9015.923121
0.0,3207,9037.43514
0.0,4140,9065.281573
0.0,3928,9092.472562
800.0,4558,9123.334984
0.0,2681,9141.994733
0.0,3389,9164.887906
2400.0,8163,9220.084438
800.0,3651,9244.50647
0.0,3079,9265.156428
0.0,3108,9286.140124
0.0,3609,9310.360631
0.0,4940,9344.038678
1600.0,2072,9357.661964
1600.0,4980,9392.405439
0.0,4906,9424.739127
1600.0,2468,9440.782941
0.0,3121,9461.396965
0.0,5263,9495.879576
0.0,3194,9516.856917
1600.0,6226,9557.604051
800.0,4550,9587.333834
0.0,3999,9613.281111
0.0,3289,9634.731559
0.0,4416,9663.407614
0.0,4633,9693.505414
1600.0,3470,9716.169289
0.0,4266,9743.844237
800.0,4479,9773.057933
0.0,5276,9807.362164
0.0,7098,9853.751174
800.0,3329,9875.619976
1600.0,5292,9910.057205
0.0,5613,9946.881708
1600.0,5560,9983.074077
1600.0,8163,10037.578032
0.0,8448,10092.569485
0.0,4506,10122.030514
0.0,5520,10157.949915
0.0,4417,10186.697461
0.0,4564,10216.199635
2400.0,5016,10248.914576
0.0,3485,10271.301192
2400.0,6333,10312.4955
1600.0,5255,10346.532052
0.0,4140,10373.232706
0.0,3961,10398.581399
1600.0,4940,10430.421414
1600.0,6539,10473.012718
800.0,4746,10503.753891
0.0,4182,10530.841756
0.0,3568,10553.777774
0.0,5520,10589.510884
800.0,6197,10629.821146
0.0,5568,10665.784821
4000.0,6647,10708.889196
0.0,3715,10732.852565
0.0,6230,10773.452728
0.0,4223,10800.784903
0.0,2552,10817.177469
0.0,4421,10845.642073
0.0,5449,10880.941335
1600.0,4379,10909.308167
0.0,3400,10931.234983
0.0,8150,10984.127074
0.0,7502,11032.780316
2400.0,5540,11068.627444
2400.0,9686,11131.591586
800.0,3392,11153.702752
0.0,3073,11173.397562
800.0,5521,11209.091158
0.0,5717,11245.974718
0.0,2960,11265.035526
0.0,4525,11294.186155
0.0,3332,11315.647631
0.0,3100,11335.631036
0.0,3468,11357.819996
0.0,7063,11403.525403
2400.0,5260,11437.62289
0.0,6566,11480.528408
0.0,6174,11520.453317
0.0,4165,11547.207884
0.0,5630,11583.625632
0.0,5535,11619.442916
0.0,2757,11637.022505
0.0,4172,11663.843824
1600.0,3211,11685.101862
0.0,4941,11717.051613
0.0,8166,11770.621718
0.0,5294,11804.866669
0.0,6530,11847.233337
800.0,4243,11874.468576
0.0,7524,11931.462392
1600.0,4128,11968.516389
0.0,4499,12005.053518
1600.0,7724,12071.146835
1600.0,4243,12099.202555
800.0,5376,12137.230675
1600.0,8491,12193.470105
0.0,3658,12217.273016
0.0,5650,12258.684147
1600.0,4530,12293.783955
0.0,5403,12329.612065
2400.0,5379,12365.616316
0.0,7734,12416.448684
0.0,5710,12453.961665
0.0,7042,12502.740538
1600.0,5552,12548.809399
0.0,4182,12587.806148
0.0,4819,12620.876014
0.0,4182,12650.160884
0.0,5190,12693.015722
3200.0,4304,12732.384653
2400.0,4896,12765.398463
2400.0,5557,12807.975138
0.0,2436,12823.962687
800.0,3494,12860.702403
4000.0,4647,12900.52773
1600.0,1236,12908.344047
0.0,1064,12914.917492
0.0,976,12920.968186
0.0,1592,12931.182037
0.0,665,12935.265131
2400.0,4506,12965.19711
1600.0,2742,12983.213342
0.0,1429,12992.297386
800.0,4527,13021.937581
2400.0,3386,13044.234894
1600.0,1942,13056.701873
4000.0,2962,13075.714304
3200.0,2272,13090.987718
800.0,1504,13106.84784
4000.0,5070,13149.822862
2400.0,4883,13182.687737
800.0,3235,13204.541309
4800.0,4937,13237.060429
4000.0,3934,13266.810883
4000.0,4186,13295.336815
1600.0,2870,13325.576913
2400.0,2877,13353.411272
2400.0,5469,13400.909474
3200.0,8526,13470.765665
3200.0,4514,13511.654405
1600.0,6216,13566.691121
3200.0,4245,13605.523391
1600.0,4969,13646.742568
2400.0,6189,13693.484363
1600.0,4542,13735.413926
1600.0,5550,13780.05439
800.0,4504,13815.54889
4000.0,4976,13857.134995
4000.0,2277,13875.590019
3200.0,3149,13901.309309
2400.0,6721,13949.292428
2400.0,4560,13980.768902
2400.0,4527,14011.477352
3200.0,6692,14057.13638
1600.0,1941,14069.706038
2400.0,2416,14085.481208
3200.0,2511,14101.882005
4000.0,2833,14120.862688
2400.0,5666,14159.802169
3200.0,4437,14189.682418
2400.0,9909,14262.395613
4000.0,8324,14323.424127
0.0,1142,14330.835154
1600.0,2734,14350.256585
0.0,985,14356.932747
2400.0,3080,14376.959217
4000.0,3231,14408.792372
1600.0,4980,14457.562253
1600.0,3969,14487.248467
4000.0,4507,14518.526359
2400.0,5527,14568.04337
3200.0,5610,14607.040792
3200.0,3373,14630.80905
3200.0,4038,14659.053742
1600.0,6491,14704.11481
3200.0,9764,14772.391129
2400.0,3326,14795.404995
3200.0,7429,14847.305758
2400.0,7504,14899.54872
1600.0,3937,14926.83616
800.0,5538,14965.046278
3200.0,5685,15004.232079
4000.0,8535,15063.723582
3200.0,8498,15122.934711
1600.0,2922,15142.966445
3200.0,5937,15183.995037
3200.0,10655,15258.437791
1600.0,3963,15285.821973
1600.0,5580,15325.136504
2400.0,5785,15365.586174
3200.0,2829,15384.987942
4000.0,6570,15430.606103
4000.0,2346,15446.719548
4000.0,7023,15495.681091
1600.0,4988,15530.577294
3200.0,5872,15572.103923
4000.0,6604,15617.613105
4000.0,3440,15641.443497
2400.0,2971,15661.63036
4800.0,5104,15702.017806
2400.0,4532,15734.901504
4000.0,7357,15786.222448
2400.0,5788,15824.552246
800.0,4943,15857.006274
2400.0,6490,15899.466712
3200.0,4941,15931.71015
3200.0,5403,15966.897902
2400.0,4562,15997.084474
3200.0,3167,16017.652235
1600.0,2469,16033.820495
4000.0,5996,16073.286999
3200.0,3125,16093.494049
3200.0,5566,16130.112582
2400.0,1966,16142.779548
2400.0,4697,16173.322185
3200.0,6070,16212.949856
1600.0,5404,16248.127854
1600.0,3082,16267.827865
3200.0,4550,16297.278688
4800.0,6805,16345.669571
2400.0,6516,16390.479745
3200.0,7232,16447.322818
2400.0,6198,16516.945629
4000.0,5581,16572.681303
3200.0,9746,16689.438222
3200.0,8972,16776.981291
1600.0,2114,16796.063673
4000.0,5137,16840.426578
3200.0,8209,16914.467383
3200.0,5540,16961.530936
3200.0,5524,17006.13281
4000.0,5912,17068.7957
3200.0,2711,17096.121642
4000.0,3227,17123.784006
2400.0,4001,17163.030299
1600.0,3010,17193.343414
3200.0,9264,17266.018414
4000.0,3923,17291.669336
2400.0,2211,17306.523225
2400.0,4510,17336.492761
800.0,1082,17343.361222
2400.0,8165,17398.815402
1600.0,4986,17432.11411
2400.0,3211,17453.110011
3200.0,6234,17494.446292
3200.0,5707,17534.772294
2400.0,7502,18026.823423
2400.0,3881,19412.843431
3200.0,5286,20450.238928
3200.0,5230,20513.432808
2400.0,10247,21542.97417
4000.0,5248,22622.819839
3200.0,4268,25223.623538
2400.0,9753,32371.261865
3200.0,4142,36027.654837
0.0,4204,36081.925565
3200.0,2646,36117.643982
3200.0,6194,36198.705776
4000.0,8909,36316.393819
3200.0,10459,36434.258456
3200.0,4413,36472.566907
2400.0,5636,36521.64872
1600.0,2281,36541.092007
2400.0,6186,36595.291615
2400.0,4048,36631.407096
2400.0,3980,36666.563469
3200.0,9408,38563.279827
2400.0,8814,38661.431451
4000.0,5697,38718.440861
3200.0,3947,38758.862175
2400.0,9832,38860.592036
3200.0,10291,40801.273804
3200.0,5759,40863.611141
3200.0,3311,40894.75512
4000.0,5204,40948.92195
3200.0,6363,41966.917606
3200.0,2257,41993.98323
3200.0,8814,46754.954395
3200.0,4309,46796.987319
2400.0,8448,51919.650479
3200.0,4414,54069.180137
2400.0,5626,56529.405866
3200.0,8832,57693.883021
1600.0,4465,61250.208032
3200.0,5645,61946.365938
2400.0,5265,68517.133927
4000.0,5796,72545.253489
3200.0,6194,77665.538209
2400.0,5651,77747.601086
2400.0,4519,77812.253407
3200.0,8887,82856.27146
1600.0,2421,82881.843431
2400.0,7319,86684.846102
2400.0,3923,86724.304439
2400.0,3277,86756.265924
1600.0,6196,86816.614704
4000.0,8966,86905.109091
2400.0,3894,86944.566061
4000.0,3168,86977.259291
800.0,1856,86995.474796
3200.0,3407,87029.243302
3200.0,5542,87082.004272
3200.0,11974,87195.648051
2400.0,7714,87269.688766
3200.0,5619,87323.223586
4000.0,8022,88871.324539
3200.0,8448,88980.988246
3200.0,5622,89033.202709
3200.0,6161,89096.027667
2400.0,11348,89205.175415
1600.0,5118,89242.85636
1600.0,8837,89308.391066
2400.0,9822,89412.948967
2400.0,4526,89455.532614
4000.0,6365,89517.477397
2400.0,3197,89551.052858
3200.0,5894,89617.823842
3200.0,6468,89696.979966
3200.0,6464,89748.629177
2400.0,6700,89801.632993
2400.0,10157,89909.045573
2400.0,4763,89953.533585
1600.0,3687,89983.487644
4000.0,7756,90062.398751
3200.0,9752,90149.346441
3200.0,7727,90207.423335
3200.0,8485,90278.28339
4000.0,5672,90322.312432
4000.0,5173,90362.532255
2400.0,9489,90440.021239
3200.0,5843,90493.262291
2400.0,5556,90541.091281
3200.0,7990,90599.742956
3200.0,5626,90638.802027
2400.0,4841,90674.984469
3200.0,3347,90698.303904
3200.0,10127,90773.56868
4000.0,5464,90811.534333
4000.0,4303,90840.340327
3200.0,4972,90873.395833
2400.0,4245,90903.007465
2400.0,2420,90919.981411
1600.0,2061,90936.867641
3200.0,4004,90971.99111
3200.0,3702,90997.302391
4000.0,3435,91021.147071
2400.0,6200,91062.854289
3200.0,7861,91134.274022
3200.0,5620,91177.00943
4000.0,4851,91215.877335
4000.0,6373,91258.963834
3200.0,4463,91288.659755
4000.0,2679,91306.66308
3200.0,2300,91321.428844
2400.0,3054,91341.171345
4000.0,6860,91386.352851
2400.0,4221,91414.6429
3200.0,3822,91439.829603
2400.0,3724,91464.231902
3200.0,4694,91495.470143
4000.0,3042,91515.495888
4800.0,3508,91538.402418
4000.0,3740,91563.156495
3200.0,4662,91593.657044
3200.0,3436,91616.14766
4000.0,6339,91657.70268
3200.0,5751,91695.561173
3200.0,3575,91729.914789
3200.0,5597,91770.617008
2400.0,4007,91797.085807
1600.0,1720,91808.084838
0.0,723,91812.511333
3200.0,2862,91831.527998
4000.0,5663,91870.634926
3200.0,3916,91900.709863
3200.0,3783,91928.815254
3200.0,1983,91941.750925
4000.0,6569,91985.773998
4000.0,3468,92008.488742
4000.0,3739,92033.043121
3200.0,4498,92064.812749
1600.0,1844,92077.26809
3200.0,2273,92093.667134
2400.0,3370,92115.517704
4000.0,1950,92128.042692
3200.0,4755,92159.401754
3200.0,4333,92188.402147
4000.0,4900,92220.6144
4000.0,3255,92242.019047
4000.0,4206,92269.477337
2400.0,5410,92305.092205
4000.0,3717,92329.404842
3200.0,2276,92344.03641
3200.0,2211,92358.124041
4000.0,6915,92406.138189
5600.0,4307,92437.825757
3200.0,2649,92458.435972
4000.0,3246,92481.441337
4000.0,5769,92520.008091
3200.0,2306,92535.438882
3200.0,2913,92554.576164
2400.0,1849,92566.446295
4000.0,3405,92588.73847
3200.0,3098,92608.843211
4800.0,3227,92629.755259
4000.0,4454,92663.018462
2400.0,4481,92698.447609
3200.0,2168,92712.931469
4000.0,2775,92741.808619
5600.0,6188,92797.894373
4000.0,4610,92828.592613
5600.0,2558,92845.646308
4000.0,3883,92871.531163
3200.0,7700,92923.172138
4000.0,4657,92954.040575
3200.0,4011,92980.879896
3200.0,4135,93008.257366
3200.0,5459,93044.821544
4000.0,2449,93060.739429
3200.0,3319,93082.727838
2400.0,3253,93105.69229
3200.0,11004,93182.920056
3200.0,8016,93258.248306
3200.0,5474,93313.8983
1600.0,3163,93339.454601
4000.0,4294,93375.026873
4000.0,4036,93404.111549
4000.0,6465,93447.445145
4000.0,5237,93482.311479
4000.0,2299,93501.021698
3200.0,4755,93538.490092
3200.0,5552,93575.482572
4000.0,5288,93612.779208
4000.0,3484,93636.213397
3200.0,5689,93674.468873
3200.0,7504,93725.472264
2400.0,8399,93782.406649
4000.0,5373,93821.198182
3200.0,3167,93843.204338
1600.0,2463,93860.198468
1600.0,3399,93883.056696
1600.0,3434,93907.002391
3200.0,3785,93939.031731
4000.0,4667,93988.744624
4000.0,2888,94020.52293
4000.0,2659,94044.224265
2400.0,4262,94078.790376
3200.0,5108,94132.860423
4000.0,3439,94170.066511
3200.0,3150,94200.055091
800.0,2430,94229.057148
1600.0,2736,94251.735758
4000.0,5394,94299.872131
4000.0,4865,94343.78209
4000.0,6769,94393.698361
4000.0,5224,94431.204203
4000.0,4946,94466.239011
3200.0,5747,94508.745799
3200.0,4992,94546.505567
1600.0,5593,94595.303675
4000.0,2304,94613.101868
2400.0,4490,94649.385688
2400.0,3957,94683.843452
1600.0,2743,94710.6086
3200.0,6214,94759.79888
3200.0,5420,94798.627477
4800.0,2847,94822.035423
4000.0,7642,94893.358619
4000.0,7348,94963.155159
4000.0,6113,95020.620915
3200.0,4544,95057.743201
4000.0,11043,95145.878717
4000.0,2604,95165.96452
4000.0,2854,95187.92109
4000.0,1609,95202.115465
4000.0,3296,95226.879207
2400.0,4545,95274.152126
4000.0,5517,95323.212196
4000.0,2247,95339.783662
3200.0,3242,95364.611659
3200.0,2856,95386.554916
3200.0,4059,95422.430353
4000.0,4937,95476.515645
3200.0,4737,95514.080898
3200.0,1962,95532.83536
4000.0,4700,95588.132166
1600.0,3237,95615.879737
4000.0,3867,95651.981533
3200.0,9411,95731.986163
3200.0,4500,95773.530277
3200.0,2123,95789.494939
2400.0,3121,95817.014572
3200.0,4416,95856.035141
4000.0,9585,95941.483926
3200.0,4140,95978.027374
3200.0,4353,96012.807476
3200.0,2804,96036.487284
4000.0,3413,96067.513047
2400.0,4386,96109.35641
4000.0,3585,96151.58491
3200.0,2911,96181.920877
4000.0,7284,96246.030016
4000.0,4847,96287.361942
800.0,3923,96330.757421
3200.0,2355,96351.572119
3200.0,3640,96384.029521
3200.0,2700,96407.797011
2400.0,2756,96433.908258
4000.0,5680,96490.461464
4000.0,3670,96524.152431
2400.0,4389,96568.33322
4000.0,3859,96595.842014
4800.0,2649,96614.369322
4000.0,2323,96630.428908
4000.0,6609,96677.401031
4000.0,5097,96713.141297
4000.0,2959,96733.605929
3200.0,3089,96754.970597
4000.0,2069,96769.295922
4000.0,2604,96787.272167
3200.0,4533,96818.963306
3200.0,3432,96842.68598
3200.0,2788,96861.958682
4000.0,2827,96881.482051
4000.0,2665,96899.790743
3200.0,3970,96927.640577
4000.0,4682,96960.368929
2400.0,4196,96989.935174
2400.0,3320,97012.983288
4000.0,2975,97033.741057
3200.0,2107,97048.167185
4000.0,3280,97070.962355
3200.0,3077,97092.384747
3200.0,5774,97149.499482
3200.0,2568,97167.487617
2400.0,2877,97187.421685
2400.0,2017,97201.271396
3200.0,3309,97224.378474
3200.0,2268,97240.248119
2400.0,2416,97257.012977
4000.0,3769,97283.396526
4000.0,4132,97312.106059
4000.0,2075,97326.366964
3200.0,2766,97345.498652
4000.0,3325,97368.494043
2400.0,3265,97391.089793
4000.0,3470,97415.247565
3200.0,1861,97428.000597
4000.0,4322,97457.946719
4800.0,4928,97492.249887
4000.0,4351,97522.505038
4000.0,2955,97543.001053
4000.0,1959,97556.445857
3200.0,2613,97574.586766
4000.0,2505,97591.72905
4000.0,3510,97620.720494
3200.0,1710,97633.376811
4000.0,3146,97659.682631
4000.0,4431,97696.195458
5600.0,5652,97743.905335
3200.0,4127,97782.359768
2400.0,2744,97807.74626
4000.0,4277,97847.369026
3200.0,2802,97870.028383
4000.0,4778,97911.728689
2400.0,4171,97947.437075
4000.0,3892,97983.88701
3200.0,5266,98027.939496
4000.0,4879,98069.818239
3200.0,3223,98098.061671
4000.0,3717,98147.782585
4000.0,2880,98177.15734
3200.0,2382,98201.088382
2400.0,5407,98237.746546
4000.0,3790,98263.264502
4000.0,3999,98290.246761
4000.0,2542,98307.202572
3200.0,2683,98324.966147
4000.0,3803,98350.339358
3200.0,2144,98364.318596
4000.0,2887,98383.341147
2400.0,2666,98400.842735
2400.0,2835,98419.471155
3200.0,4191,98447.739765
4000.0,2773,98466.031023
4000.0,2546,98482.6424
3200.0,3741,98507.454623
3200.0,2496,98525.575133
4000.0,1939,98540.765368
3200.0,2557,98559.68658
3200.0,2845,98580.394987
4000.0,3897,98609.003939
3200.0,4722,98643.760726
3200.0,4537,98676.798462
2400.0,2454,98694.490023
3200.0,4321,98724.957453
4000.0,5968,98780.528413
3200.0,4002,98809.593194
3200.0,4770,98847.056757
3200.0,4034,98877.699471
4000.0,2532,98896.309045
4000.0,3295,98920.532023
3200.0,2677,98940.321496
4000.0,2258,98956.666209
3200.0,2994,98978.464105
4000.0,3239,99002.066377
1600.0,4143,99034.027726
4000.0,3317,99058.504896
2400.0,3892,99090.379632
3200.0,3676,99118.983081
3200.0,2157,99135.271781
4000.0,6556,99185.690775
4000.0,2524,99204.775186
2400.0,4033,99234.356655
4800.0,3887,99263.782421
4000.0,3362,99291.289781
3200.0,3977,99324.45322
3200.0,2264,99339.695837
3200.0,4980,99377.013995
4800.0,5186,99413.953231
4000.0,4336,99446.913239
4000.0,2567,99467.344911
3200.0,2436,99486.690866
4000.0,2372,99508.17385
3200.0,3225,99531.771424
4000.0,2914,99560.290144
4000.0,2573,99583.379618
4000.0,2381,99600.721523
4000.0,2274,99623.372169
3200.0,3196,99655.566695
4000.0,4308,99693.021841
4000.0,4350,99735.436934
4000.0,3947,99769.499373
4000.0,3300,99793.479101
4000.0,2791,99813.823886
4000.0,4259,99852.19204
4000.0,3050,99893.717447
4000.0,2077,99911.179415
4000.0,3960,99945.825603
2400.0,3456,99970.305458
4000.0,3992,100000.560469
4000.0,1651,100012.152504
4000.0,3367,100040.506453
3200.0,4264,100099.226483
2400.0,3995,100133.542483
4000.0,4039,100172.639448
2400.0,3804,100204.227204
4000.0,2196,100221.136392
0.0,839,100227.057804
4000.0,2592,100249.283886
3200.0,3450,100280.319978
4000.0,3596,100308.186945
3200.0,2801,100339.571599
3200.0,3108,100370.23956
2400.0,4342,100406.821678
4000.0,3504,100443.138963
3200.0,3932,100475.41287
4000.0,3659,100504.660318
4000.0,3490,100531.970681
4000.0,2507,100551.515506
3200.0,3937,100583.800725
4000.0,2871,100611.341658
4000.0,2933,100639.916392
4000.0,5415,100692.607928
4000.0,4181,100723.736787
3200.0,2024,100738.338847
4000.0,4290,100769.852553
4000.0,1969,100783.637918
3200.0,2240,100799.666644
3200.0,2220,100815.778638
4000.0,2831,100835.964955
4000.0,2657,100854.767861
4000.0,3140,100877.369814
4000.0,2914,100898.952113
2400.0,3846,100929.622374
4000.0,3352,100961.606092
3200.0,4663,101011.93302
4000.0,3000,101044.509985
4000.0,2662,101077.006358
3200.0,2449,101097.484978
3200.0,2745,101119.086851
4000.0,1704,101132.355482
4000.0,3833,101174.84519
4000.0,1787,101193.192147
4000.0,4976,101235.09988
5600.0,4175,101270.770774
4000.0,2418,101292.705011
4000.0,3129,101319.496124
3200.0,3230,101351.477962
4000.0,1604,101367.102583
4000.0,2574,101398.330011
2400.0,3318,101434.976962
2400.0,2734,101460.500483
3200.0,3677,101493.276757
3200.0,2612,101514.631671
3200.0,3052,101537.718768
4000.0,4323,101574.672938
4000.0,2478,101591.641042
4000.0,2269,101607.762504
4000.0,5034,101643.017521
4000.0,2714,101661.931574
5600.0,3456,101686.228684
3200.0,2125,101700.478485
4000.0,2801,101719.197916
4000.0,2361,101734.849848
4000.0,3830,101760.206887
4000.0,3092,101781.139539
3200.0,2560,101798.520988
4000.0,2119,101812.943063
4000.0,2402,101828.764851
4000.0,3157,101849.721778
4000.0,2034,101862.954821
4000.0,3333,101885.550548
4000.0,3056,101906.145519
3200.0,2191,101921.629711
4000.0,3379,101944.278457
4000.0,2224,101958.86098
4000.0,2116,101972.655158
4800.0,1743,101983.957046
3200.0,3086,102004.131995
1600.0,1807,102016.032174
3200.0,2502,102032.278882
4000.0,1794,102043.998993
4000.0,2531,102060.458647
4000.0,3230,102081.515602
4000.0,2460,102097.496981
4000.0,2195,102111.663405
4000.0,2455,102127.516997
4000.0,2050,102140.724146
5600.0,2870,102159.518249
4000.0,2218,102173.814986
4800.0,3643,102197.842149
4000.0,2388,102213.435987
4000.0,2804,102231.720166
4000.0,2263,102246.109915
4000.0,2085,102259.556531
4000.0,1903,102271.832985
4000.0,2936,102290.856149
4000.0,3151,102311.25002
2400.0,3400,102333.577191
3200.0,2203,102347.871823
4000.0,2944,102367.038385
4000.0,1869,102379.270314
4000.0,2174,102393.271607
4000.0,4159,102420.435074
4800.0,3137,102440.895311
4000.0,2138,102454.868608
2400.0,2036,102468.018088
4000.0,3082,102488.446699
4000.0,4276,102517.026714
4000.0,1725,102528.325104
4000.0,1970,102541.156171
4000.0,3105,102561.639395
4000.0,4334,102590.158028
3200.0,3130,102610.432981
3200.0,2582,102627.253477
4000.0,2280,102642.057066
4000.0,2434,102657.851303
4000.0,2564,102674.476929
5600.0,2768,102692.447317
4000.0,1877,102704.467697
4000.0,1961,102717.265997
2400.0,2288,102731.934387
4000.0,2292,102746.839174
4000.0,2183,102760.949525
4000.0,1878,102775.048224
4000.0,2730,102792.92441
4000.0,3042,102812.762589
4000.0,2335,102828.013262
4000.0,2598,102845.210642
3200.0,2064,102858.725085
4000.0,1491,102868.387936
4000.0,2200,102882.732715
1600.0,2083,102896.181142
2400.0,3960,102922.277046
5600.0,2011,102935.313695
4000.0,1923,102947.59856
4000.0,1684,102958.406429
4000.0,4549,102988.425525
4000.0,4871,103020.739133
4000.0,2616,103038.138946
2400.0,2496,103054.308729
4000.0,3154,103075.158529
4000.0,2036,103088.307123
4000.0,1760,103099.835611
4000.0,4390,103128.552201
4000.0,3150,103149.260439
4000.0,2533,103165.781452
4000.0,1729,103176.867548
3200.0,1998,103189.962804
4000.0,4505,103219.913473
2400.0,3253,103241.386278
4000.0,1914,103254.021927
4000.0,3763,103280.415083
4000.0,3875,103310.260498
4000.0,3544,103333.264036
4000.0,3992,103359.500834
4000.0,2297,103374.412068
4000.0,2474,103393.44954
4000.0,3191,103414.119651
4000.0,2775,103432.057611
4000.0,2776,103449.986988
4000.0,4872,103481.905771
4000.0,2671,103499.116116
3200.0,3571,103522.337103
3200.0,3240,103543.526894
4000.0,1618,103553.846723
4000.0,3380,103575.738231
4000.0,1620,103586.040367
3200.0,3378,103608.070246
3200.0,1780,103619.450894
4800.0,2316,103634.376614
3200.0,3082,103654.527234
3200.0,2168,103669.629907
4000.0,1854,103681.570988
3200.0,2205,103695.876236
4000.0,1606,103706.208942
4000.0,2867,103724.790042
4000.0,2701,103742.480716
4000.0,2278,103757.172361
4000.0,3232,103778.18289
4000.0,2998,103797.917679
3200.0,2520,103814.132359
4000.0,3247,103835.284243
4000.0,2003,103848.675238
4000.0,2564,103865.165814
4000.0,3493,103887.913396
4000.0,2170,103902.118367
3200.0,1835,103913.890675
4000.0,2013,103926.79409
2400.0,3229,103947.735477
4000.0,2466,103963.798601
4000.0,2034,103976.839488
4000.0,2193,103991.038862
3200.0,3168,104011.674898
3200.0,1533,104021.40214
4000.0,2597,104038.36879
4000.0,3148,104058.788532
4000.0,2924,104078.000154
4000.0,3221,104098.992322
4000.0,2201,104113.126598
4000.0,2836,104131.5941
4000.0,3109,104151.709985
4000.0,2219,104166.042335
4000.0,2790,104184.107741
3200.0,3109,104204.39563
4000.0,1947,104216.959167
4000.0,1545,104226.846136
4000.0,1934,104239.197042
3200.0,2577,104255.952377
3200.0,3350,104277.78146
4000.0,2001,104290.609584
5600.0,3814,104315.524049
4000.0,2810,104333.960678
4000.0,2794,104352.073353
3200.0,4401,104380.952041
4000.0,3203,104401.717602
4000.0,3010,104421.342617
4000.0,2267,104435.8917
4000.0,1755,104447.08768
4800.0,2342,104462.203541
4000.0,2482,104480.27739
4000.0,2357,104499.649447
2400.0,3342,104529.060584
4000.0,2506,104549.730259
4000.0,2177,104565.796625
4000.0,1841,104578.808445
4000.0,2231,104594.858424
4000.0,2074,104609.965312
4000.0,2656,104631.964754
3200.0,1763,104645.995193
4000.0,2238,104663.083542
4000.0,2223,104679.720486
4000.0,2365,104699.116782
2400.0,1687,104713.847292
4000.0,1881,104729.150929
4800.0,3329,104757.013069
3200.0,5369,104810.084719
4000.0,2016,104830.33304
3200.0,4117,104864.863747
4000.0,2884,104889.245541
4000.0,2424,104910.141702
4000.0,2365,104928.644564
4000.0,1788,104941.48495
4000.0,2476,104962.170235
4000.0,3448,104999.485887
3200.0,3326,105033.288156
4000.0,3276,105062.649744
4000.0,2143,105088.584918
4000.0,2553,105112.797407
4000.0,1777,105127.258164
4000.0,1564,105139.203675
4000.0,2395,105155.10406
4000.0,2196,105169.558817
3200.0,1986,105184.483521
800.0,1236,105193.203818
4000.0,2195,105212.59031
4000.0,2659,105230.992818
4000.0,1345,105239.721418
4000.0,2704,105257.650923
4000.0,3328,105279.434378
4000.0,2433,105296.865539
3200.0,6731,105348.155262
4000.0,2645,105366.559094
3200.0,2440,105383.420996
3200.0,3316,105405.35342
4000.0,3714,105429.972628
4000.0,1782,105441.264004
4000.0,2160,105455.310499
4000.0,2569,105472.653971
4000.0,3603,105507.506592
4000.0,2513,105532.187679
5600.0,3580,105562.616761
3200.0,3078,105588.622689
4000.0,1939,105604.252013
2400.0,2294,105620.237289
4000.0,2461,105637.972537
4800.0,2848,105669.204979
4000.0,2202,105687.726967
4000.0,1655,105699.097286
4000.0,1762,105710.951619
4000.0,4203,105740.800018
6400.0,2140,105754.93221
3200.0,1884,105767.619157
3200.0,4211,105796.462281
4000.0,2270,105811.428444
4000.0,2477,105828.533214
4000.0,2420,105844.632408
4000.0,1871,105856.736837
4000.0,2608,105874.013942
4000.0,3069,105896.944717
4000.0,2825,105915.721764
4000.0,2583,105938.31865
4000.0,2194,105963.068578
4000.0,3515,105998.949479
4000.0,2080,106016.127862
4000.0,1482,106028.514684
3200.0,2728,106052.044101
2400.0,1471,106065.143467
4000.0,1804,106081.926211
3200.0,2566,106104.529798
3200.0,2380,106125.57683
4000.0,1907,106142.832865
4000.0,2564,106163.400525
3200.0,2838,106186.168698
4000.0,2266,106205.576305
4000.0,1698,106218.46856
4000.0,3234,106245.693428
2400.0,1990,106260.999254
4000.0,2950,106287.501706
4000.0,2510,106312.033974
4000.0,2805,106336.467908
4000.0,2115,106352.704354
3200.0,2126,106373.768404
4000.0,2207,106392.715791
4000.0,3775,106418.698264
4000.0,3042,106439.591706
3200.0,3288,106462.610088
4000.0,2462,106485.083029
4000.0,3140,106519.764543
4000.0,2216,106535.607997
4000.0,2889,106555.138711
3200.0,2151,106569.232304
4000.0,2141,106583.195626
4000.0,2203,106597.707038
4000.0,1861,106610.302108
4000.0,2201,106624.562551
4000.0,3045,106644.473826
4000.0,2347,106659.642943
1600.0,2211,106673.893496
4000.0,3596,106697.430172
3200.0,2790,106715.72078
4000.0,2468,106731.77272
4000.0,3361,106753.96693
3200.0,2405,106769.647397
4000.0,1618,106779.91663
4000.0,2999,106799.47181
4000.0,1499,106809.08817
4000.0,4051,106835.793922
4000.0,2784,106853.843985
3200.0,2933,106873.115892
4000.0,1594,106883.851994
4000.0,1575,106895.217549
800.0,1557,106905.276563
4000.0,2680,106922.834609
4000.0,3114,106943.124568
4000.0,1828,106954.873893
4000.0,2284,106969.691476
3200.0,2506,106985.878241
3200.0,3085,107005.922971
4000.0,3453,107028.302475
4000.0,2932,107047.386004
4000.0,2674,107064.704754
4000.0,3436,107087.099737
3200.0,4945,107119.530997
3200.0,1962,107132.309931
3200.0,2274,107147.187907
4000.0,2529,107163.443285
4000.0,2593,107180.555555
4000.0,2601,107197.611759
0.0,598,107201.065599
4000.0,2479,107217.102241
4000.0,2814,107235.885812
4000.0,2382,107251.467049
5600.0,1476,107261.022647
4000.0,2313,107276.084261
2400.0,4446,107305.210847
4000.0,2921,107324.062501
4000.0,2368,107339.401166
4000.0,3465,107361.854842
4000.0,2426,107377.507424
3200.0,2433,107393.483636
4000.0,3759,107418.555
4000.0,2463,107435.154637
4000.0,1926,107447.801446
4000.0,2240,107462.3517
4000.0,2049,107475.851057
4000.0,3012,107495.575778
4000.0,1860,107507.356724
4000.0,3417,107529.695681
4000.0,2136,107543.326457
3200.0,2726,107561.007818
4000.0,2663,107578.226233
4000.0,4180,107605.586281
3200.0,2796,107623.784214
1600.0,2366,107638.983506
4000.0,1860,107650.92972
4000.0,3095,107671.036156
3200.0,3935,107696.80027
3200.0,1400,107705.733842
4000.0,2277,107720.722345
4000.0,1860,107733.468505
5600.0,3796,107758.450592
4000.0,2529,107775.081547
2400.0,2446,107791.077742
4000.0,3447,107813.672718
3200.0,6494,107856.350166
4000.0,2472,107872.459947
4000.0,2237,107887.32961
4000.0,1852,107899.294998
4000.0,3348,107921.201442
4000.0,2653,107938.499144
4000.0,1918,107951.027162
5600.0,2721,107968.740286
2400.0,2280,107983.434523
4000.0,2462,107999.342576
4000.0,3587,108022.878433
4000.0,3002,108042.355856
2400.0,2272,108056.891812
4000.0,2654,108074.18396
3200.0,2512,108090.330589
4000.0,2431,108105.9823
3200.0,2654,108123.055256
4000.0,2297,108137.947323
4000.0,2249,108152.534472
3200.0,1965,108165.096676
4000.0,2486,108181.133405
4000.0,2515,108197.377728
4000.0,2053,108210.52611
4000.0,2452,108226.49401
3200.0,2516,108242.852063
4000.0,2516,108259.194909
4000.0,2250,108273.776068
4000.0,2738,108291.47699
4000.0,2340,108306.624196
4000.0,2809,108325.000542
4000.0,2401,108341.320028
4000.0,2349,108356.537317
4000.0,2081,108369.835511
4000.0,3381,108391.584308
4000.0,1678,108402.137518
3200.0,2722,108419.700893
3200.0,2400,108435.206293
4000.0,1869,108447.055619
3200.0,3576,108470.155572
3200.0,1594,108480.478092
4000.0,3421,108502.636214
4000.0,3236,108523.486517
3200.0,4724,108554.314536
4000.0,1551,108564.091423
4000.0,4809,108595.519503
4000.0,1918,108607.753516
4000.0,2287,108622.341546
4000.0,3258,108643.491528
4000.0,2969,108662.769363
3200.0,2292,108677.412
4000.0,2975,108696.470722
4000.0,3085,108716.471268
2400.0,2072,108729.634289
4000.0,2987,108749.017475
4000.0,2638,108766.086612
4000.0,3781,108790.740167
3200.0,2683,108808.145047
4000.0,1914,108820.333284
4000.0,3262,108841.470634
4000.0,3194,108862.175487
4000.0,2538,108878.604785
4000.0,1736,108889.620705
4000.0,2095,108903.070244
4000.0,2230,108917.296992
4000.0,2839,108935.632378
4000.0,2701,108952.931739
4000.0,2166,108966.945431
4000.0,2285,108981.665894
2400.0,2245,108996.027028
4000.0,2949,109015.182461
4000.0,1721,109026.311583
4000.0,1559,109036.171221
4000.0,2591,109052.941549
4000.0,2362,109068.177742
4000.0,3358,109091.428861
4000.0,3736,109115.838515
4000.0,4496,109145.104712
3200.0,1864,109156.857979
3200.0,4768,109188.115664
4000.0,2504,109204.28065
4000.0,2566,109220.805969
3200.0,3141,109241.43854
4000.0,2291,109256.241104
5600.0,2170,109270.182542
4000.0,2367,109285.534588
3200.0,3934,109311.0813
4000.0,2495,109327.0411
4000.0,3024,109346.74791
4000.0,4064,109373.298347
3200.0,1813,109384.917271
4000.0,2211,109399.11958
1600.0,3367,109420.973236
1600.0,2707,109438.435199
4000.0,2007,109451.264204
4000.0,1843,109463.0516
2400.0,4391,109491.573481
3200.0,2886,109510.259353
3200.0,4212,109537.621551
2400.0,1748,109548.886296
5600.0,3219,109569.678708
5600.0,2027,109582.631322
3200.0,1918,109594.945914
4000.0,1782,109606.273825
4000.0,2271,109620.7284
4000.0,2451,109636.482794
4000.0,1801,109647.82897
3200.0,3540,109671.00518
2400.0,7760,109721.75548
4000.0,2845,109740.211795
4000.0,2371,109755.501232
4000.0,3605,109779.114498
4000.0,2788,109797.444595
4800.0,2048,109810.645972
4000.0,1531,109820.28117
4000.0,2334,109835.323077
4000.0,3346,109856.875636
4000.0,2595,109873.535125
2400.0,3383,109895.291501
2400.0,4560,109924.820048
4000.0,4558,109954.633302
4000.0,3467,109977.073092
4000.0,4203,110004.194367
2400.0,7992,110056.653325
4000.0,2007,110069.529295
4000.0,2519,110085.796534
3200.0,3430,110108.053111
4000.0,3447,110131.59232
4000.0,3462,110154.476827
4000.0,2202,110169.580134
4000.0,3422,110192.554616
4000.0,2395,110207.962149
4000.0,1761,110219.244573
2400.0,5490,110255.059757
4000.0,3908,110280.328499
5600.0,3300,110301.740832
4000.0,3495,110324.236273
4000.0,4577,110354.341462
4000.0,2977,110373.506064
4000.0,2657,110390.542263
3200.0,4041,110416.594364
4000.0,3597,110440.062066
4000.0,3318,110461.773567
5600.0,3895,110487.193269
4000.0,2171,110502.414451
3200.0,3370,110524.415892
4000.0,2301,110539.096496
1600.0,1549,110548.875352
2400.0,4890,110580.922308
3200.0,4150,110608.022589
4000.0,1968,110620.725432
4000.0,1920,110632.980601
4000.0,3405,110654.933282
2400.0,3293,110676.253475
4000.0,3015,110695.687318
4000.0,1783,110707.109438
4000.0,2876,110725.640446
4000.0,2765,110743.485164
4000.0,1845,110755.195556
4000.0,3054,110774.998874
4000.0,2097,110788.386275
4000.0,3055,110808.255105
4000.0,5792,110845.939615
4000.0,3115,110866.218559
3200.0,3724,110890.483967
4000.0,2132,110904.086223
4000.0,4175,110931.198197
4800.0,2403,110946.650921
4000.0,6490,110989.86776
5600.0,1989,111002.475412
4000.0,3608,111025.982031
4000.0,3433,111048.631317
4000.0,2283,111063.54502
4000.0,1790,111074.985002
4000.0,3191,111095.523654
4000.0,4506,111124.881136
2400.0,3229,111145.928672
4000.0,3108,111166.062668
3200.0,4550,111195.564848
4000.0,1787,111206.760421
3200.0,5432,111242.071476
3200.0,2740,111259.742922
4000.0,2310,111274.585387
4000.0,1931,111286.792611
4000.0,2807,111304.988561
4000.0,3758,111329.341042
4000.0,3268,111350.401423
4000.0,4677,111380.711583
4000.0,6156,111421.760087
4000.0,5586,111458.231975
2400.0,3599,111481.389713
4000.0,3234,111502.249124
4800.0,3237,111523.093754
4000.0,3964,111548.737624
5600.0,2623,111565.629435
3200.0,4950,111597.695226
3200.0,7740,111648.268496
4000.0,4471,111677.294438
4000.0,3929,111702.697667
3200.0,2485,111718.568653
4000.0,2294,111733.192084
4000.0,2790,111751.180138
2400.0,2260,111765.585654
4000.0,4533,111794.856674
4000.0,3437,111817.180181
4000.0,3506,111839.799859
3200.0,3169,111860.192587
3200.0,3377,111881.952851
4000.0,4209,111909.24715
4000.0,1859,111921.077887
5600.0,6304,111962.523584
3200.0,3224,111983.253772
4000.0,2902,112001.90606
4800.0,4411,112030.673439
1600.0,2922,112049.477311
4000.0,4313,112077.387136
5600.0,4588,112107.105986
4800.0,4517,112136.570435
3200.0,4116,112163.145845
5600.0,3880,112188.353338
4000.0,2219,112202.695598
4000.0,2734,112220.221159
4000.0,4628,112250.545984
4000.0,3448,112272.914404
4000.0,1718,112283.763734
4000.0,3182,112304.174469
4000.0,4053,112330.434217
4000.0,3805,112355.181632
4800.0,5925,112393.913331
2400.0,2746,112411.446853
4800.0,3074,112431.304616
4000.0,2796,112449.397875
4000.0,4046,112475.794513
4000.0,2086,112489.188014
4000.0,4468,112518.135756
4000.0,2124,112531.7732
4000.0,1783,112543.253409
4000.0,4625,112573.301128
4000.0,4464,112602.248045
4000.0,3899,112627.478365
4000.0,2857,112645.969196
4000.0,2319,112660.852566
4000.0,2855,112679.272652
4000.0,4138,112706.218842
1600.0,2694,112723.634663
4000.0,3486,112746.215339
3200.0,5104,112779.585243
4000.0,2122,112793.091896
3200.0,3336,112814.680066
2400.0,4544,112844.369256
4000.0,1584,112854.273147
2400.0,2717,112871.859684
4000.0,2426,112888.199467
4000.0,2224,112902.323037
4000.0,3398,112924.416635
4000.0,4313,112952.769669
4000.0,3263,112974.040722
3200.0,2736,112991.928049
3200.0,1725,113002.837234
4000.0,3418,113024.945627
4000.0,3399,113046.834216
4000.0,2715,113064.313783
4000.0,2414,113079.881248
4000.0,2398,113095.305213
4000.0,2695,113112.644383
4000.0,4528,113142.054697
2400.0,4591,113171.799135
4000.0,2807,113189.986853
4000.0,2391,113205.292908
4000.0,5469,113240.859808
4000.0,1858,113253.106544
5600.0,2308,113267.945124
3200.0,1758,113279.32807
4000.0,3722,113303.707329
3200.0,4726,113334.468922
4000.0,3570,113357.955892
4000.0,3263,113379.057937
1600.0,3378,113400.91897
4000.0,4624,113430.961229
3200.0,2700,113448.321597
4000.0,2912,113467.194463
3200.0,5256,113501.310748
4000.0,3354,113523.261893
4000.0,6814,113567.873024
3200.0,5622,113604.579032
5600.0,3059,113624.304483
4000.0,3003,113643.704602
4000.0,2735,113661.411717
4000.0,5282,113695.919206
5600.0,2870,113714.553765
2400.0,3258,113735.566739
4000.0,2503,113751.964327
4000.0,3345,113773.664618
4000.0,3544,113796.945731
3200.0,3592,113820.194301
3200.0,4664,113850.473647
2400.0,3193,113871.09788
4000.0,3076,113890.893773
4000.0,3743,113915.118912
4000.0,2281,113929.810603
4000.0,1791,113941.275252
4000.0,4586,113971.235406
4000.0,2601,113987.93646
4000.0,2751,114005.78123
5600.0,4477,114035.001481
4000.0,3437,114057.409484
4000.0,3793,114083.474493
5600.0,5855,114124.665839
4000.0,2782,114143.322914
4000.0,3349,114165.09953
4800.0,2006,114177.892143
4000.0,2428,114193.51248
4000.0,1966,114206.128319
4000.0,2478,114222.109442
3200.0,2821,114240.329287
4000.0,2365,114255.505289
4000.0,4657,114285.847859
4000.0,4668,114316.145474
4000.0,1850,114328.135087
2400.0,3236,114349.195871
4000.0,2508,114365.197717
4000.0,1937,114377.676543
4000.0,2132,114391.429354
4000.0,2601,114408.077044
4000.0,2715,114425.89749
4000.0,1908,114437.9507
4000.0,2554,114454.503297
3200.0,3611,114477.986796
4000.0,1841,114489.749825
4000.0,3876,114514.866758
4000.0,5318,114549.471615
3200.0,3676,114573.330287
4000.0,3786,114598.071269
4800.0,2910,114616.934864
4000.0,3997,114643.335154
4000.0,1671,114653.812963
4000.0,3011,114673.298622
3200.0,3967,114699.040765
4000.0,4612,114728.934944
4000.0,2154,114742.776328
4000.0,2828,114761.091699
4000.0,1671,114771.655956
4000.0,3782,114796.02565
4000.0,2816,114814.202657
4000.0,2278,114828.804377
4000.0,1487,114838.120609
2400.0,5376,114873.396993
4000.0,2467,114889.224257
4000.0,2875,114907.714835
4000.0,3267,114928.814499
4000.0,2533,114945.040877
4800.0,3219,114965.844191
2400.0,1795,114977.29657
4000.0,2628,114994.283445
4000.0,1725,115005.253216
4000.0,2030,115018.254412
4000.0,4185,115045.561904
4000.0,2444,115061.322355
3200.0,4518,115090.670481
4000.0,2433,115106.618699
4000.0,2699,115124.214559
4000.0,1716,115135.201942
3200.0,4952,115167.556218
4000.0,3433,115189.668118
3200.0,5604,115226.126338
4800.0,3127,115246.337355
3200.0,4392,115274.869938
4000.0,2642,115291.872393
4800.0,4722,115322.456168
3200.0,2173,115336.362373
4000.0,2307,115351.241372
4000.0,2846,115369.461895
4000.0,2137,115383.305565
4000.0,3335,115404.831203
4000.0,2112,115418.293824
4000.0,3158,115438.593813
4000.0,2828,115456.761087
4000.0,2029,115469.706882
5600.0,2885,115488.296834
4000.0,3610,115513.218879
4000.0,2197,115527.913662
3200.0,1779,115540.569211
4000.0,2704,115559.266126
4000.0,3632,115584.362001
1600.0,2705,115601.731616
4000.0,2519,115618.04662
4000.0,3471,115640.450885
4000.0,3301,115662.164789
4000.0,3685,115686.080363
4000.0,4557,115715.882345
4000.0,2360,115731.01655
4000.0,2936,115749.989343
4000.0,2529,115766.294013
4000.0,4252,115794.002405
4000.0,3188,115814.646415
4000.0,2366,115829.890463
4000.0,2420,115845.436601
4000.0,2377,115860.713517
4000.0,1862,115872.515792
4000.0,1715,115883.433442
4000.0,1966,115896.040456
4000.0,2671,115913.363418
4000.0,2721,115930.880018
4000.0,2426,115946.615606
4000.0,1928,115958.802869
4000.0,3940,115984.519314
2400.0,4140,116011.516597
4000.0,1433,116020.640458
4000.0,3191,116041.210542
4000.0,3501,116063.876943
4000.0,3908,116089.247337
3200.0,5414,116124.652277
4000.0,2770,116142.36182
4000.0,2934,116161.329984
4000.0,3576,116184.584685
5600.0,8090,116237.51012
4000.0,1692,116248.338399
3200.0,3073,116268.252139
4000.0,2606,116285.084888
4000.0,2856,116303.567644
4000.0,2364,116318.603356
4000.0,3638,116343.764619
4000.0,1580,116354.129807
4000.0,4021,116381.749788
3200.0,3679,116406.844899
4000.0,3814,116432.597735
2400.0,2688,116450.297587
3200.0,2344,116465.721344
4800.0,3108,116486.157273
4000.0,3536,116509.536182
4000.0,2126,116523.418044
4000.0,2444,116539.344683
4000.0,3813,116564.712103
4000.0,2099,116578.312823
4000.0,3256,116599.974975
4000.0,2373,116615.631855
4000.0,2763,116633.904202
5600.0,4113,116661.008709
4000.0,1867,116673.537707
4000.0,1830,116685.614492
4000.0,2944,116705.092713
4000.0,2170,116719.454815
3200.0,2097,116733.897782
4000.0,2440,116751.055287
3200.0,1628,116761.9428
4000.0,2180,116776.300672
4000.0,4236,116804.608297
5600.0,3613,116828.029972
4000.0,2376,116843.20713
4000.0,3594,116866.474406
4000.0,3782,116890.967871
4000.0,2115,116904.76826
4000.0,4088,116931.387979
4000.0,5247,116965.746576
3200.0,4504,116995.121792
4000.0,2093,117008.622236
4000.0,2390,117024.036589
3200.0,3414,117046.091688
4000.0,5969,117085.295779
4000.0,2541,117101.798268
4000.0,3090,117121.955485
4000.0,2970,117141.045468
4000.0,2060,117154.26158
4000.0,2482,117170.196344
4000.0,2422,117185.901165
3200.0,3172,117206.364455
4000.0,3809,117230.914834
4000.0,2894,117249.749903
4000.0,3500,117272.724137
4000.0,1928,117285.031031
4000.0,5319,117319.755204
1600.0,3388,117341.700489
4000.0,2642,117358.842966
4000.0,4969,117391.347105
2400.0,5263,117425.523452
4000.0,2155,117439.345865
4000.0,4120,117466.114764
4000.0,4627,117496.173517
3200.0,2708,117513.559954
2400.0,2693,117531.287402
4000.0,4013,117557.358505
4000.0,2885,117575.994079
3200.0,4238,117603.586706
2400.0,4418,117632.433158
4000.0,3750,117656.744192
4000.0,4320,117685.117727
2400.0,4184,117713.456304
4000.0,1983,117726.08813
4000.0,3252,117747.024569
4000.0,3565,117770.186086
4000.0,4368,117798.765385
4000.0,2384,117814.097307
1600.0,2359,117829.087507
5600.0,4498,117858.393652
4000.0,2140,117872.117815
4000.0,3222,117892.922275
4000.0,6318,117934.111895
4000.0,3987,117959.985364
4000.0,4556,117989.714265
4000.0,2195,118003.933239
4000.0,5377,118039.316163
2400.0,6197,118079.919183
4000.0,3810,118104.593109
4000.0,5470,118140.370795
4000.0,1620,118150.715984
4000.0,5016,118183.640903
2400.0,2838,118201.826862
4000.0,5016,118234.588813
4000.0,2593,118251.387637
4000.0,3725,118275.966527
4000.0,2424,118291.640495
4000.0,2922,118310.459132
4000.0,2330,118325.496998
4000.0,2104,118338.980898
3200.0,3959,118364.675925
4000.0,2845,118383.03998
5600.0,2869,118401.471334
4800.0,4189,118428.5934
5600.0,2768,118446.322435
4000.0,3262,118467.429625
4000.0,2716,118484.95658
4000.0,3690,118508.80897
4000.0,4795,118539.997741
3200.0,6441,118582.251356
4000.0,2507,118598.397071
4000.0,3260,118619.39369
4000.0,2489,118635.418233
4000.0,3743,118659.743138
4000.0,2928,118678.617983
2400.0,2302,118693.315105
3200.0,3604,118716.632744
4000.0,2803,118734.576114
4000.0,2546,118750.882547
4000.0,2981,118770.134301
2400.0,1866,118782.063343
4000.0,2508,118798.262868
4000.0,3752,118822.556688
4800.0,2088,118835.985262
4000.0,3084,118855.999634
2400.0,4482,118885.126395
4000.0,4376,118913.544677
2400.0,5313,118948.20288
2400.0,4185,118975.446787
4000.0,2191,118989.513644
3200.0,7062,119035.723578
4000.0,2336,119050.53439
4000.0,2928,119069.38067
3200.0,4724,119099.952446
4000.0,1959,119112.733876
4000.0,2064,119125.975701
5600.0,2367,119141.149643
4000.0,1933,119153.752301
4000.0,3335,119175.196094
4000.0,2520,119191.523518
2400.0,3146,119211.748442
2400.0,4265,119239.409435
2400.0,3181,119260.064405
4000.0,3434,119282.360992
4000.0,2405,119297.910288
3200.0,4687,119328.327765
2400.0,5496,119363.953907
4000.0,1908,119376.218456
3200.0,4157,119403.258105
4000.0,3935,119429.009727
3200.0,1568,119438.916095
4000.0,2612,119455.70426
4000.0,1577,119465.658988
4000.0,4907,119497.618533
4000.0,2753,119515.353295
4000.0,3060,119535.036801
4000.0,3896,119560.350048
1600.0,2513,119576.400231
4000.0,3812,119601.177921
4000.0,5116,119634.524532
3200.0,4810,119665.803912
5600.0,2212,119679.9242
4000.0,2877,119698.409484
4000.0,3422,119720.479913
5600.0,3016,119740.041404
5600.0,2109,119753.471462
5600.0,4153,119780.423427
5600.0,4164,119807.471422
4000.0,4156,119834.445457
4000.0,2442,119850.221595
2400.0,4940,119882.274532
4000.0,2375,119897.65325
5600.0,2064,119910.904673
4000.0,4278,119938.720118
4000.0,1346,119947.159866
4000.0,4191,119974.473087
4000.0,1856,119986.408355
4000.0,3397,120008.364696
4000.0,6050,120048.095229
4000.0,3674,120071.741864
3200.0,3131,120091.950144
3200.0,3388,120113.786522
4000.0,5063,120146.770958
3200.0,2418,120162.463415
4000.0,1769,120173.793044
4000.0,3595,120197.048393
4000.0,2844,120215.589356
4000.0,3201,120236.372444
4000.0,2680,120253.655089
4000.0,2080,120266.979034
5600.0,5341,120301.780772
4000.0,3055,120321.404611
4000.0,2192,120335.317889
4000.0,2641,120352.454959
4000.0,4888,120384.328034
4000.0,2595,120401.071744
4000.0,3613,120424.607186
3200.0,2204,120438.952816
4800.0,4099,120465.784839
4000.0,3153,120486.081163
4000.0,4247,120513.99194
3200.0,8157,120567.789873
4000.0,2566,120584.230388
1600.0,2016,120597.214105
4000.0,2459,120613.080099
4000.0,4634,120643.256658
4000.0,3312,120664.671866
4000.0,2059,120677.94293
4000.0,1848,120689.727247
4000.0,2177,120703.731902
4000.0,2723,120721.399887
4000.0,5285,120755.880697
4000.0,2970,120774.902897
4000.0,6623,120818.01267
4000.0,2171,120832.064538
4000.0,3669,120855.988829
4000.0,3292,120877.156125
3200.0,7153,120923.770754
2400.0,2899,120943.675082
3200.0,3215,120965.099182
4000.0,3756,120989.357135
4000.0,4672,121019.747664
4000.0,2532,121035.906987
4000.0,1460,121045.141234
4800.0,3212,121065.899027
4000.0,4743,121096.741182
4000.0,1861,121108.625701
4000.0,3944,121134.307602
3200.0,5782,121172.08408
4000.0,3700,121195.908882
4000.0,2418,121211.396068
3200.0,4672,121241.981253
4000.0,2494,121258.064244
4000.0,1961,121270.652207
4000.0,2246,121284.978434
4000.0,4013,121311.229018
3200.0,3966,121338.049183
4000.0,2635,121355.094727
4000.0,2801,121373.241583
3200.0,5682,121410.266715
4000.0,1848,121421.910853
4000.0,2663,121439.845204
4000.0,2657,121457.594701
4000.0,2892,121476.333407
5600.0,2014,121489.156459
3200.0,2930,121508.171037
4000.0,4052,121534.572334
4000.0,3613,121557.897387
4000.0,2544,121574.194312
2400.0,4175,121601.162128
4000.0,2604,121617.912933
4000.0,2503,121634.114722
4000.0,4370,121662.580728
1600.0,1566,121672.5822
3200.0,3570,121695.826838
4000.0,3700,121719.766943
4000.0,3023,121739.321782
4000.0,3945,121765.070966
4000.0,2074,121778.354242
4000.0,3321,121799.872586
4000.0,3535,121822.843018
4000.0,3023,121842.330445
4000.0,3104,121862.79923
4000.0,4335,121891.017247
3200.0,2688,121908.1563
4000.0,2159,121921.991287
4000.0,1937,121934.269785
3200.0,1699,121944.986461
4000.0,2233,121959.457026
3200.0,2689,121976.886507
4000.0,3910,122002.410052
4000.0,2457,122018.224663
5600.0,4241,122045.825934
4000.0,5111,122078.997609
4000.0,3075,122098.936413
4000.0,1888,122111.007044
4000.0,2872,122129.734726
4000.0,3084,122149.504871
4000.0,2716,122166.991338
4000.0,2811,122185.066882
4000.0,2745,122202.680669
4000.0,2054,122215.773857
4000.0,4567,122245.472858
3200.0,3813,122270.243808
5600.0,3386,122292.284032
4000.0,2809,122310.332525
4000.0,3575,122333.580172
4000.0,1956,122346.175474
3200.0,4324,122374.291833
4000.0,2492,122390.393494
4000.0,3949,122415.983586
4000.0,3216,122436.686753
4000.0,2010,122449.599408
4000.0,2444,122465.323293
4000.0,2983,122484.671572
4000.0,2069,122497.835439
4000.0,1336,122506.195003
4000.0,2780,122524.003361
4000.0,3291,122545.19059
3200.0,3106,122565.744727
3200.0,7482,122614.845809
4000.0,2290,122629.651508
4000.0,2549,122645.972707
4000.0,6139,122685.928494
2400.0,4544,122716.929178
4000.0,4029,122745.158533
4000.0,3258,122766.216052
4000.0,1649,122776.611716
4000.0,3340,122798.274113
5600.0,3108,122818.374393
3200.0,3088,122838.374205
4000.0,4830,122869.857347
4000.0,2224,122884.129308
4000.0,1469,122893.308856
4000.0,2874,122911.89089
3200.0,3923,122937.302619
4000.0,5486,122973.242188
4000.0,5283,123007.689358
5600.0,5408,123042.965705
4800.0,2434,123058.662829
3200.0,2512,123074.886172
4000.0,1833,123086.584835
3200.0,2507,123102.619888
2400.0,2575,123119.172017
4000.0,2059,123132.213406
4000.0,1732,123143.363075
4000.0,4793,123174.667658
4000.0,4208,123201.951134
4000.0,5277,123236.376853
4000.0,2058,123249.633422
3200.0,2951,123268.733583
4000.0,2879,123287.192637
4000.0,4239,123314.87226
4000.0,2730,123332.472484
4000.0,5164,123366.30798
5600.0,2774,123384.058432
4000.0,6160,123424.291595
4000.0,1633,123434.719897
4000.0,2512,123450.836015
4000.0,2460,123466.656117
3200.0,3822,123491.517101
4000.0,4256,123519.093596
3200.0,4400,123548.136301
4000.0,2347,123563.232276
4000.0,4677,123593.677416
4000.0,2215,123607.870317
4000.0,3959,123634.059251
4800.0,1890,123646.163904
3200.0,4396,123674.666862
4000.0,2561,123691.197793
4000.0,2731,123708.698156
5600.0,1855,123720.54286
3200.0,5376,123755.686221
3200.0,2934,123774.540152
3200.0,4680,123805.078218
5600.0,4602,123834.856046
4000.0,3104,123854.940424
4000.0,4746,123885.886007
4000.0,2017,123898.794963
4000.0,4259,123926.425926
4000.0,2134,123940.057401
4000.0,5407,123975.227482
4000.0,2136,123988.83973
4000.0,3400,124010.705467
4000.0,6161,124050.732727
5600.0,2631,124067.836513
4000.0,3575,124091.019853
5600.0,3182,124111.799899
4000.0,2198,124125.916126
5600.0,6159,124166.381597
3200.0,4256,124193.960555
4800.0,3231,124214.763306
3200.0,2321,124229.822731
4000.0,2849,124248.216922
4000.0,4183,124275.382062
4000.0,2959,124294.553286
4000.0,2949,124313.515706
2400.0,4548,124342.986271
4000.0,1638,124353.39134
4000.0,3411,124375.700313
4000.0,1848,124387.37133
4000.0,2738,124405.177803
5600.0,3109,124425.248513
4000.0,2652,124442.326479
4000.0,1989,124455.192407
2400.0,2322,124470.070783
4000.0,3170,124490.606098
4000.0,2894,124509.566129
4000.0,1526,124519.427449
4000.0,3200,124540.238595
5600.0,4675,124570.655652
4000.0,1838,124582.349263
4000.0,3023,124601.846747
5600.0,3801,124627.96044
4000.0,1883,124640.155697
4800.0,4529,124669.607791
2400.0,1242,124677.436866
3200.0,2745,124695.150493
4000.0,2114,124708.69934
4000.0,1768,124719.88019
4000.0,2802,124738.026576
4000.0,4268,124765.758911
4000.0,4529,124795.133753
4000.0,2654,124812.251869
4000.0,4119,124838.995997
4000.0,2273,124853.585693
4000.0,2875,124872.165175
4000.0,2176,124886.428126
4000.0,3106,124907.529377
4000.0,1888,124919.545506
4000.0,2425,124935.131643
4000.0,3234,124956.1755
4000.0,3679,124979.923463
4000.0,3159,125000.349178
4000.0,5027,125033.197275
3200.0,2602,125050.049418
4000.0,3676,125073.913729
4000.0,5385,125108.896303
4000.0,4294,125138.043684
4000.0,2748,125156.107485
4000.0,1940,125168.507647
4000.0,4186,125195.768998
3200.0,5132,125229.553857
4800.0,1611,125239.905707
4000.0,3072,125259.777828
4000.0,3239,125280.628219
4000.0,5184,125314.380932
4000.0,3503,125337.092499
4000.0,3786,125362.213803
3200.0,4453,125392.448184
4000.0,5303,125428.575466
4000.0,2343,125444.314931
4000.0,3065,125464.876966
4000.0,2762,125483.153204
4000.0,1615,125493.673172
4000.0,3691,125518.239589
2400.0,1302,125526.736883
4000.0,3861,125552.333554
4000.0,4617,125582.049861
3200.0,5634,125618.66655
4800.0,2709,125635.931361
4000.0,2376,125651.234468
3200.0,3259,125672.271335
4000.0,3713,125696.263083
4000.0,2043,125709.316475
4000.0,3163,125729.669348
3200.0,4393,125758.098179
4000.0,2347,125773.09588
4000.0,2068,125786.299396
4800.0,6924,125831.224004
4000.0,2345,125846.166734
4000.0,5626,125882.902607
4000.0,2795,125900.832115
4000.0,5303,125935.359868
2400.0,5302,125969.916388
2400.0,4179,125996.929533
3200.0,6178,126037.28786
4000.0,2281,126051.911395
4000.0,2604,126068.537776
4000.0,4060,126094.785897
4000.0,4120,126121.431992
4000.0,3382,126143.163144
4000.0,2248,126157.502151
4000.0,3864,126182.476925
4000.0,2703,126199.777357
4000.0,3976,126225.406052
4000.0,6507,126267.827108
4000.0,2912,126286.551552
4000.0,3100,126306.536196
5600.0,4851,126338.480924
4000.0,3273,126359.604058
4000.0,3692,126383.459881
4000.0,2371,126398.697501
4000.0,1551,126408.498432
4000.0,4215,126435.676705
4000.0,2902,126454.33042
4000.0,2428,126469.835357
4000.0,1591,126479.885309
4000.0,4005,126505.769145
0.0,618,126509.52024
4000.0,2400,126524.838381
4000.0,4468,126554.043751
4000.0,3587,126577.281712
3200.0,3635,126600.805026
4000.0,2788,126618.727535
4000.0,4075,126645.194538
3200.0,5432,126680.343875
4000.0,3012,126699.609964
4000.0,4486,126728.7195
5600.0,5579,126764.992039
4000.0,1853,126776.804751
3200.0,3955,126802.578332
4000.0,2222,126816.747261
3200.0,10312,126883.900486
4800.0,3608,126907.274923
4000.0,3337,126928.81932
3200.0,3676,126952.559259
4000.0,2528,126968.720589
4000.0,3075,126988.528501
4000.0,1765,126999.625357
4000.0,4126,127026.248057
4000.0,3741,127050.358454
4800.0,5934,127089.131385
4000.0,1617,127099.338851
4000.0,3351,127121.089034
4000.0,1967,127133.658002
4000.0,1854,127146.165877
4000.0,2540,127164.080185
2400.0,3596,127188.242538
4000.0,2976,127207.519599
4000.0,2165,127221.275312
4000.0,2161,127235.104027
4000.0,3452,127257.821099
4000.0,3793,127282.406616
4000.0,4479,127311.468554
4000.0,3586,127334.780345
5600.0,4532,127364.394515
4000.0,5632,127400.971184
4000.0,2761,127418.668577
4000.0,3882,127443.761211
5600.0,4717,127474.347562
4000.0,6781,127518.448655
4000.0,2919,127537.488936
1600.0,3218,127558.306115
4000.0,2383,127573.576944
4000.0,3340,127595.132226
4000.0,1334,127603.415583
4000.0,2634,127620.445108
4000.0,2530,127636.583624
4000.0,3444,127658.655555
4000.0,1780,127670.000385
4000.0,5331,127704.835068
4000.0,2179,127718.812001
4000.0,2355,127733.860292
4000.0,3527,127756.788741
4000.0,1779,127768.204018
5600.0,3018,127787.685433
5600.0,2085,127800.864801
4000.0,5479,127836.531753
4000.0,1839,127848.225494
4000.0,2507,127864.346516
4000.0,2442,127880.139945
4000.0,2170,127894.036444
4000.0,2757,127912.29793
4000.0,7215,127959.413687
4000.0,1973,127972.00975
4000.0,3302,127993.303565
2400.0,3250,128014.34226
4000.0,5802,128052.334739
4000.0,1935,128064.639847
4000.0,4185,128091.864768
4800.0,3546,128114.872716
4000.0,1780,128126.406725
4000.0,2487,128142.500365
4000.0,2435,128158.167979
4000.0,4952,128190.499241
4000.0,3938,128215.976005
4000.0,5224,128249.929828
4000.0,1868,128261.83633
4000.0,5298,128296.183766
4000.0,2446,128311.849549
4000.0,4407,128340.472315
2400.0,3168,128360.984551
4000.0,4719,128391.744082
4000.0,2227,128406.080377
3200.0,3467,128428.551171
3200.0,3090,128448.410309
4000.0,2014,128461.306546
4000.0,1710,128472.183556
4000.0,2731,128490.226697
4000.0,3826,128516.211564
4000.0,2017,128529.062458
4000.0,1987,128541.803025
4000.0,4540,128571.322824
4000.0,2957,128590.437509
4000.0,2695,128607.945271
4000.0,2175,128621.951851
4000.0,4339,128650.263953
4000.0,4287,128678.008288
4000.0,2953,128697.020208
4800.0,1829,128708.737188
5600.0,5700,128746.585735
4000.0,5304,128781.288186
4000.0,3575,128804.536
4000.0,4907,128836.689111
4000.0,4211,128863.974507
4000.0,5092,128897.418154
4000.0,2187,128911.421885
4000.0,3467,128933.994112
3200.0,2690,128951.270359
4000.0,3720,128975.602425
4000.0,6152,129015.911337
5600.0,1937,129028.291905
4000.0,3554,129051.751182
4000.0,4038,129077.903558
4000.0,1807,129089.401833
4000.0,1588,129099.532222
4000.0,2322,129114.346081
4000.0,2948,129133.546419
4000.0,3522,129156.331663
3200.0,2197,129170.433979
4000.0,4312,129198.611108
4000.0,3327,129220.241679
4000.0,3332,129241.69653
7200.0,5309,129276.23304
3200.0,3980,129302.056135
4000.0,1705,129312.969543
4000.0,2216,129327.158478
4000.0,1880,129339.126678
3200.0,4524,129368.64567
3200.0,4492,129397.978589
5600.0,2514,129414.063818
4000.0,2206,129428.046755
4800.0,2184,129442.093422
4000.0,5687,129479.293636
4000.0,5128,129512.793884
4000.0,2656,129529.958681
4000.0,3480,129552.498208
4000.0,2044,129565.522037
4000.0,2572,129582.071181
5600.0,4117,129608.900636
4000.0,5956,129647.847959
2400.0,2940,129666.951789
4000.0,4140,129693.932828
4000.0,2854,129712.515505
4000.0,2450,129728.384944
4000.0,1714,129739.350481
4000.0,5426,129775.201709
4000.0,2906,129795.041316
4000.0,2295,129809.958323
2400.0,2113,129823.407655
4000.0,1864,129835.299194
4000.0,2160,129849.253844
4000.0,3896,129874.787694
4000.0,6681,129920.107557
3200.0,6120,129960.601427
3200.0,6476,130003.157571
4000.0,2777,130020.970819
4000.0,3489,130043.534445
4000.0,1851,130055.452488
2400.0,1356,130063.912032
4000.0,4056,130090.24107
4000.0,3706,130114.426305
4000.0,7136,130161.433415
4800.0,4922,130193.475091
3200.0,5542,130229.762719
4000.0,3000,130249.447368
4000.0,6196,130290.128984
4000.0,3764,130314.475091
3200.0,3726,130338.722329
4000.0,4694,130369.355121
5600.0,5260,130403.731623
4000.0,4002,130429.751505
4000.0,1879,130441.668811
4000.0,4466,130470.687772
4000.0,3406,130492.74917
4000.0,5206,130527.034954
5600.0,3001,130546.493548
4000.0,2885,130565.108678
4000.0,3639,130588.944958
4000.0,2440,130604.757011
4000.0,4263,130632.506847
4000.0,2852,130651.133635
4000.0,1902,130663.139713
2400.0,6522,130705.909666
3200.0,3187,130726.49406
4000.0,2485,130742.54472
2400.0,3408,130764.702674
4000.0,2471,130780.829659
4000.0,3394,130803.665789
4000.0,4442,130834.827994
4000.0,4190,130862.25773
4000.0,3589,130885.697486
4000.0,4265,130913.569909
4000.0,2364,130928.728474
4000.0,4721,130959.503877
4000.0,4417,130988.168361
1600.0,1810,130999.707434
4800.0,5218,131033.762694
3200.0,5400,131069.129055
2400.0,1962,131081.667583
3200.0,3398,131103.864897
3200.0,3414,131125.93037
5600.0,2958,131145.157678
4000.0,2118,131158.777119
2400.0,2745,131176.484092
4000.0,3505,131199.38252
4000.0,4384,131228.067121
3200.0,3110,131248.272837
3200.0,6464,131290.410244
4000.0,2109,131304.232579
2400.0,2282,131319.061972
4000.0,2537,131335.385845
1600.0,3066,131355.317971
4000.0,1754,131366.484813
5600.0,2375,131381.765899
5600.0,2179,131395.81628
4000.0,1919,131408.116628
4000.0,4952,131440.477239
4000.0,1838,131452.190273
4000.0,3846,131477.364381
4000.0,3575,131500.483458
4800.0,4187,131527.798222
4000.0,3780,131552.529757
5600.0,4139,131579.614462
4000.0,3525,131602.517829
4800.0,3709,131626.754931
4000.0,5821,131665.310928
4000.0,3980,131691.3399
4000.0,5653,131728.384855
4000.0,1443,131737.766007
4000.0,1898,131749.834671
4800.0,3364,131771.675563
4000.0,3430,131793.958458
4000.0,2527,131810.313425
4000.0,3540,131833.471062
4000.0,2176,131847.490014
3200.0,3373,131869.348178
4000.0,4076,131895.942697
4000.0,3744,131920.402672
3200.0,5230,131954.551422
3200.0,4557,131984.183957
1600.0,2009,131997.139628
4000.0,1675,132007.664893
3200.0,9399,132069.692731
4000.0,3981,132096.947905
4000.0,2817,132115.45241
4000.0,1689,132126.349419
4000.0,5716,132164.10458
4000.0,3556,132187.048678
4000.0,3552,132210.184538
4000.0,4174,132237.539136
5600.0,4294,132265.42641
4800.0,2953,132284.667822
5600.0,4055,132311.190173
4000.0,3434,132333.637499
4000.0,4529,132363.096604
4800.0,3109,132383.387513
4000.0,3277,132404.754809
5600.0,4974,132437.378446
4000.0,3194,132458.102439
8000.0,2825,132476.469969
4000.0,7253,132524.223832
4000.0,2364,132539.514381
2400.0,4225,132567.039375
4000.0,2763,132585.022746
4000.0,2429,132600.593804
4000.0,5623,132637.694903
4000.0,4676,132668.435
4000.0,2886,132687.168719
4000.0,3439,132709.6033
3200.0,2343,132724.839668
4000.0,3579,132748.028079
4000.0,1803,132759.614642
4000.0,2940,132778.675126
4000.0,1863,132790.595746
4000.0,2506,132806.769401
4000.0,2697,132824.380365
4000.0,2000,132837.205729
4000.0,3204,132858.003759
4000.0,4746,132889.031676
3200.0,3254,132910.254592
4000.0,3408,132932.447686
4000.0,4018,132958.907292
3200.0,2725,132976.511356
4000.0,1817,132988.125328
4000.0,3235,133009.235185
4000.0,2850,133027.573954
4000.0,2196,133041.785467
4000.0,2974,133061.084247
4000.0,1831,133072.801937
4000.0,4690,133103.461151
5600.0,4508,133132.918091
4000.0,5849,133171.389522
5600.0,3092,133191.49886
4000.0,3775,133216.137994
4000.0,4292,133244.082956
4000.0,4920,133276.571153
4000.0,2725,133294.206622
2400.0,4196,133321.557068
5600.0,2067,133334.903541
5600.0,1819,133346.458258
4000.0,4569,133376.491541
3200.0,1640,133387.015219
4000.0,2870,133405.467381
4000.0,2110,133419.126396
4000.0,2482,133435.192383
4000.0,2851,133453.561955
4000.0,2079,133466.971566
4000.0,4389,133495.871585
3200.0,3578,133519.104889
4000.0,1737,133530.239986
4000.0,3991,133556.507313
4000.0,6649,133600.255596
4000.0,5472,133635.898884
4000.0,7768,133686.920353
3200.0,4040,133713.503263
5600.0,5542,133749.778481
4000.0,2339,133764.885231
4000.0,2592,133781.572686
4000.0,1586,133791.665562
4000.0,2292,133806.493103
4000.0,3852,133831.677366
4000.0,2554,133848.165221
4000.0,1999,133861.081236
4000.0,3636,133884.661708
4000.0,3092,133904.845851
4000.0,3953,133930.66672
6400.0,3825,133955.652727
4000.0,2178,133969.871728
3200.0,4190,133997.012821
4000.0,2829,134015.343742
4000.0,3571,134038.754555
4000.0,3904,134064.318405
4000.0,1836,134076.155344
5600.0,3975,134101.858727
4000.0,4388,134130.731151
3200.0,2698,134148.112683
4000.0,3229,134169.185688
5600.0,5300,134203.884377
4000.0,3698,134227.950967
5600.0,2637,134245.314244
4000.0,3548,134268.354065
4000.0,3643,134292.077071
4000.0,2592,134308.883257
2400.0,3432,134331.159092
4000.0,2436,134347.019042
4000.0,1474,134356.29417
4000.0,5185,134390.241765
3200.0,5111,134423.731186
4000.0,2660,134441.098071
4800.0,3822,134466.320143
4000.0,2161,134480.197766
4000.0,3145,134500.738905
4000.0,4444,134529.895676
4000.0,5307,134564.542378
4000.0,4384,134593.027745
4000.0,3306,134614.518206
4000.0,4194,134641.842602
4000.0,4994,134674.494607
1600.0,1654,134685.076601
5600.0,4477,134714.271151
4000.0,4851,134746.001201
4000.0,6149,134786.407552
3200.0,5391,134821.784194
4800.0,4280,134849.709673
3200.0,1718,134860.715375
5600.0,2577,134877.299227
3200.0,4390,134906.18047
4000.0,3872,134931.441809
4000.0,2495,134947.979413
4000.0,2065,134961.190215
4000.0,2697,134978.609218
4800.0,4195,135005.85499
4000.0,2309,135020.715711
4000.0,2463,135036.72092
4000.0,3251,135057.769744
5600.0,4503,135087.13566
4000.0,2557,135103.609776
5600.0,4574,135133.489924
4000.0,2711,135151.09465
4000.0,3301,135172.335321
4000.0,4501,135201.803432
3200.0,7519,135251.154042
3200.0,5705,135288.383257
4800.0,4466,135317.640888
3200.0,2352,135333.117165
5600.0,3041,135353.46179
4000.0,1994,135367.352221
4000.0,9779,135432.834586
4000.0,3882,135458.06181
4000.0,1432,135467.173931
4000.0,3774,135491.790759
4000.0,3020,135511.433237
4000.0,4512,135540.81784
4000.0,2615,135557.495666
2400.0,2007,135570.550967
5600.0,3975,135596.296802
4000.0,3224,135617.541602
4000.0,3882,135642.926316
5600.0,4732,135673.795005
4800.0,2396,135689.271595
4000.0,2707,135707.934116
8000.0,4074,135735.197063
4000.0,1660,135745.807142
5600.0,1942,135758.303447
4000.0,2568,135774.726807
1600.0,3357,135796.702256
4000.0,4941,135829.132856
4000.0,4053,135855.752163
4000.0,5349,135890.889583
3200.0,5520,135927.041907
3200.0,2514,135943.381111
4000.0,5904,135982.094764
4000.0,3099,136002.174561
3200.0,3540,136025.269705
4000.0,3428,136047.542732
4000.0,4810,136079.089382
4000.0,3140,136099.646143
4000.0,1683,136110.409237
4000.0,3310,136131.925781
5600.0,3187,136152.756306
4000.0,2769,136170.604968
5600.0,1942,136183.173369
4000.0,1990,136195.925423
3200.0,2278,136210.692494
4000.0,2201,136224.902976
4000.0,4009,136250.972911
4000.0,2766,136269.005256
4000.0,4169,136296.527133
4000.0,3829,136321.459851
5600.0,4874,136353.28386
3200.0,4245,136381.167208
1600.0,2681,136398.530808
4000.0,1911,136410.7753
4000.0,4000,136436.949881
4000.0,2842,136455.27978
4000.0,4343,136483.754985
4000.0,4295,136511.777137
4000.0,2903,136530.576212
4000.0,3740,136554.824868
4800.0,5722,136592.35575
4000.0,1866,136604.335569
4000.0,3694,136628.357962
4000.0,1837,136640.105858
4000.0,3571,136663.357416
4000.0,5510,136699.384119
5600.0,5746,136737.146039
4000.0,1877,136749.114435
4000.0,3397,136771.352988
4000.0,4721,136802.09708
4000.0,3930,136827.476894
3200.0,4528,136857.125828
4000.0,3248,136878.245689
4000.0,5679,136915.504203
4000.0,1762,136926.682043
4000.0,2791,136944.672142
5600.0,2203,136958.89269
5600.0,4004,136984.816824
4000.0,3309,137006.09168
4000.0,3373,137027.797573
4000.0,1488,137037.088438
7200.0,3576,137060.396363
3200.0,3014,137079.832896
4000.0,1841,137091.514155
4000.0,6225,137132.447601
4000.0,2167,137146.468859
4000.0,6055,137186.478429
4000.0,6272,137227.476288
3200.0,3246,137248.536765
7200.0,3893,137273.818856
5600.0,3092,137293.907424
7200.0,4682,137324.490162
4000.0,5093,137357.818611
7200.0,6398,137401.314841
5600.0,2424,137418.029418
4000.0,3020,137438.449102
5600.0,4181,137465.661292
3200.0,3981,137491.324047
4000.0,3182,137511.877062
4000.0,4724,137542.770632
5600.0,2126,137556.420579
3200.0,5636,137593.112491
4000.0,3004,137612.496745
4000.0,2966,137631.684447
4800.0,2973,137650.899751
5600.0,3392,137672.915078
4000.0,2487,137688.739376
4800.0,4608,137718.919334
4000.0,2756,137736.620656
3200.0,3397,137758.599808
4000.0,2451,137774.267153
3200.0,8824,137831.914274
6400.0,4605,137861.972491
4000.0,5361,137896.788641
2400.0,3396,137918.704033
6400.0,7938,137970.677896
5600.0,3173,137991.124797
5600.0,3800,138015.809581
4000.0,2797,138034.042471
4000.0,2965,138053.230319
4000.0,2818,138071.380719
4000.0,4564,138101.012508
4000.0,2449,138116.722199
3200.0,3691,138140.607882
3200.0,3591,138163.783699
4000.0,2335,138178.870334
5600.0,3257,138199.889105
3200.0,4229,138227.380729
4000.0,2121,138240.958855
3200.0,3923,138266.393521
5600.0,3455,138288.706989
4000.0,2438,138304.261779
4000.0,3297,138325.602946
4000.0,8221,138379.289922
4000.0,3111,138399.314044
4000.0,1781,138410.702647
4800.0,1879,138422.657682
4800.0,2811,138440.71528
4000.0,2708,138458.143248
7200.0,4687,138488.645565
8000.0,4118,138515.459802
4000.0,3166,138535.744467
4000.0,4120,138563.059738
3200.0,2423,138578.664888
5600.0,3063,138598.531458
4000.0,2830,138616.821267
4000.0,1865,138628.841844
4000.0,2222,138643.070575
4000.0,2693,138660.373206
4000.0,1978,138673.105884
4000.0,5024,138705.983833
4000.0,1921,138718.323483
5600.0,3498,138740.933583
5600.0,2193,138755.077388
11200.0,6064,138794.476065
4000.0,1697,138805.260927
4800.0,4169,138832.300675
5600.0,1990,138845.233609
4000.0,2781,138863.208182
5600.0,4482,138892.357851
4800.0,2502,138908.464936
6400.0,5760,138946.290662
5600.0,5525,138982.197427
4000.0,3915,139007.592507
3200.0,5258,139041.936756
8000.0,4276,139069.715381
7200.0,2730,139087.261859
8800.0,5962,139128.282765
4000.0,2364,139144.246184
3200.0,3222,139165.098514
7200.0,4029,139191.151361
5600.0,4608,139221.010288
4000.0,4504,139250.242664
7200.0,4815,139283.012155
5600.0,5038,139315.997747
8000.0,3413,139338.192559
2400.0,3377,139360.137401
4000.0,1851,139371.931716
3200.0,3400,139394.021358
5600.0,3064,139413.807579
8800.0,4957,139446.013256
7200.0,2637,139462.977698
4000.0,2822,139481.274552
4000.0,3149,139501.605356
7200.0,5232,139535.695962
5600.0,4167,139562.93227
5600.0,3392,139584.906346
3200.0,3086,139604.726196
4000.0,3602,139628.322151
7200.0,5395,139663.337948
3200.0,4531,139692.609828
4800.0,3459,139715.158788
4800.0,4402,139744.061012
4000.0,2713,139761.45519
2400.0,3923,139786.761639
